INFO 2025-07-16 11:45:05,938 middleware 44556 28792 Schéma sélectionné: tenant_f0e6399b_fc83_4ea9_87b5_5d0b6c1e5d2b pour tenant f0e6399b-fc83-4ea9-87b5-5d0b6c1e5d2b
INFO 2025-07-16 11:45:06,757 middleware 44556 29324 Schéma sélectionné: tenant_f0e6399b_fc83_4ea9_87b5_5d0b6c1e5d2b pour tenant f0e6399b-fc83-4ea9-87b5-5d0b6c1e5d2b
INFO 2025-07-16 11:45:06,907 middleware 44556 37388 Schéma sélectionné: tenant_f0e6399b_fc83_4ea9_87b5_5d0b6c1e5d2b pour tenant f0e6399b-fc83-4ea9-87b5-5d0b6c1e5d2b
INFO 2025-07-16 11:45:07,677 middleware 44556 20784 Schéma sélectionné: tenant_f0e6399b_fc83_4ea9_87b5_5d0b6c1e5d2b pour tenant f0e6399b-fc83-4ea9-87b5-5d0b6c1e5d2b
INFO 2025-07-16 11:46:17,143 middleware 44556 19540 Schéma sélectionné: tenant_f0e6399b_fc83_4ea9_87b5_5d0b6c1e5d2b pour tenant f0e6399b-fc83-4ea9-87b5-5d0b6c1e5d2b
INFO 2025-07-16 11:46:17,145 middleware 44556 22920 Schéma sélectionné: tenant_f0e6399b_fc83_4ea9_87b5_5d0b6c1e5d2b pour tenant f0e6399b-fc83-4ea9-87b5-5d0b6c1e5d2b
INFO 2025-07-16 11:46:17,828 middleware 44556 32388 Schéma sélectionné: tenant_f0e6399b_fc83_4ea9_87b5_5d0b6c1e5d2b pour tenant f0e6399b-fc83-4ea9-87b5-5d0b6c1e5d2b
INFO 2025-07-16 11:46:18,149 middleware 44556 24604 Schéma sélectionné: tenant_f0e6399b_fc83_4ea9_87b5_5d0b6c1e5d2b pour tenant f0e6399b-fc83-4ea9-87b5-5d0b6c1e5d2b
INFO 2025-07-16 11:46:18,494 middleware 44556 34172 Schéma sélectionné: tenant_f0e6399b_fc83_4ea9_87b5_5d0b6c1e5d2b pour tenant f0e6399b-fc83-4ea9-87b5-5d0b6c1e5d2b
INFO 2025-07-16 11:46:18,869 middleware 44556 20876 Schéma sélectionné: tenant_f0e6399b_fc83_4ea9_87b5_5d0b6c1e5d2b pour tenant f0e6399b-fc83-4ea9-87b5-5d0b6c1e5d2b
INFO 2025-07-16 11:50:19,483 middleware 44556 42156 Schéma sélectionné: tenant_f0e6399b_fc83_4ea9_87b5_5d0b6c1e5d2b pour tenant f0e6399b-fc83-4ea9-87b5-5d0b6c1e5d2b
INFO 2025-07-16 11:50:19,807 middleware 44556 42016 Schéma sélectionné: tenant_f0e6399b_fc83_4ea9_87b5_5d0b6c1e5d2b pour tenant f0e6399b-fc83-4ea9-87b5-5d0b6c1e5d2b
INFO 2025-07-16 11:50:20,183 middleware 44556 16584 Schéma sélectionné: tenant_f0e6399b_fc83_4ea9_87b5_5d0b6c1e5d2b pour tenant f0e6399b-fc83-4ea9-87b5-5d0b6c1e5d2b
INFO 2025-07-16 11:50:20,494 middleware 44556 1624 Schéma sélectionné: tenant_f0e6399b_fc83_4ea9_87b5_5d0b6c1e5d2b pour tenant f0e6399b-fc83-4ea9-87b5-5d0b6c1e5d2b
INFO 2025-07-16 11:50:20,899 middleware 44556 27728 Schéma sélectionné: tenant_f0e6399b_fc83_4ea9_87b5_5d0b6c1e5d2b pour tenant f0e6399b-fc83-4ea9-87b5-5d0b6c1e5d2b
INFO 2025-07-16 11:50:21,110 middleware 44556 1640 Schéma sélectionné: tenant_f0e6399b_fc83_4ea9_87b5_5d0b6c1e5d2b pour tenant f0e6399b-fc83-4ea9-87b5-5d0b6c1e5d2b
INFO 2025-07-16 11:50:29,261 middleware 44556 42136 Schéma sélectionné: tenant_f0e6399b_fc83_4ea9_87b5_5d0b6c1e5d2b pour tenant f0e6399b-fc83-4ea9-87b5-5d0b6c1e5d2b
INFO 2025-07-16 11:50:30,134 middleware 44556 22104 Schéma sélectionné: tenant_f0e6399b_fc83_4ea9_87b5_5d0b6c1e5d2b pour tenant f0e6399b-fc83-4ea9-87b5-5d0b6c1e5d2b
INFO 2025-07-16 11:50:30,134 middleware 44556 21208 Schéma sélectionné: tenant_f0e6399b_fc83_4ea9_87b5_5d0b6c1e5d2b pour tenant f0e6399b-fc83-4ea9-87b5-5d0b6c1e5d2b
INFO 2025-07-16 11:50:30,780 middleware 44556 29804 Schéma sélectionné: tenant_f0e6399b_fc83_4ea9_87b5_5d0b6c1e5d2b pour tenant f0e6399b-fc83-4ea9-87b5-5d0b6c1e5d2b
INFO 2025-07-16 11:51:21,306 middleware 44556 40808 Schéma sélectionné: tenant_f0e6399b_fc83_4ea9_87b5_5d0b6c1e5d2b pour tenant f0e6399b-fc83-4ea9-87b5-5d0b6c1e5d2b
INFO 2025-07-16 11:51:22,162 middleware 44556 16084 Schéma sélectionné: tenant_f0e6399b_fc83_4ea9_87b5_5d0b6c1e5d2b pour tenant f0e6399b-fc83-4ea9-87b5-5d0b6c1e5d2b
INFO 2025-07-16 11:51:22,162 middleware 44556 11360 Schéma sélectionné: tenant_f0e6399b_fc83_4ea9_87b5_5d0b6c1e5d2b pour tenant f0e6399b-fc83-4ea9-87b5-5d0b6c1e5d2b
INFO 2025-07-16 11:51:22,729 middleware 44556 39248 Schéma sélectionné: tenant_f0e6399b_fc83_4ea9_87b5_5d0b6c1e5d2b pour tenant f0e6399b-fc83-4ea9-87b5-5d0b6c1e5d2b
INFO 2025-07-16 11:51:26,074 middleware 44556 43716 Schéma sélectionné: tenant_f0e6399b_fc83_4ea9_87b5_5d0b6c1e5d2b pour tenant f0e6399b-fc83-4ea9-87b5-5d0b6c1e5d2b
INFO 2025-07-16 11:51:26,186 middleware 44556 34352 Schéma sélectionné: tenant_f0e6399b_fc83_4ea9_87b5_5d0b6c1e5d2b pour tenant f0e6399b-fc83-4ea9-87b5-5d0b6c1e5d2b
INFO 2025-07-16 11:51:26,654 middleware 44556 43736 Schéma sélectionné: tenant_f0e6399b_fc83_4ea9_87b5_5d0b6c1e5d2b pour tenant f0e6399b-fc83-4ea9-87b5-5d0b6c1e5d2b
INFO 2025-07-16 11:51:26,952 middleware 44556 33960 Schéma sélectionné: tenant_f0e6399b_fc83_4ea9_87b5_5d0b6c1e5d2b pour tenant f0e6399b-fc83-4ea9-87b5-5d0b6c1e5d2b
INFO 2025-07-16 11:51:27,265 middleware 44556 25760 Schéma sélectionné: tenant_f0e6399b_fc83_4ea9_87b5_5d0b6c1e5d2b pour tenant f0e6399b-fc83-4ea9-87b5-5d0b6c1e5d2b
INFO 2025-07-16 11:51:27,530 middleware 44556 38924 Schéma sélectionné: tenant_f0e6399b_fc83_4ea9_87b5_5d0b6c1e5d2b pour tenant f0e6399b-fc83-4ea9-87b5-5d0b6c1e5d2b
INFO 2025-07-16 14:15:15,326 middleware 42320 38696 Schéma sélectionné: tenant_f0e6399b_fc83_4ea9_87b5_5d0b6c1e5d2b pour tenant f0e6399b-fc83-4ea9-87b5-5d0b6c1e5d2b
INFO 2025-07-16 14:15:15,327 middleware 42320 11240 Schéma sélectionné: tenant_f0e6399b_fc83_4ea9_87b5_5d0b6c1e5d2b pour tenant f0e6399b-fc83-4ea9-87b5-5d0b6c1e5d2b
INFO 2025-07-16 14:15:16,351 middleware 42320 24588 Schéma sélectionné: tenant_f0e6399b_fc83_4ea9_87b5_5d0b6c1e5d2b pour tenant f0e6399b-fc83-4ea9-87b5-5d0b6c1e5d2b
INFO 2025-07-16 14:15:16,351 middleware 42320 18172 Schéma sélectionné: tenant_f0e6399b_fc83_4ea9_87b5_5d0b6c1e5d2b pour tenant f0e6399b-fc83-4ea9-87b5-5d0b6c1e5d2b
INFO 2025-07-16 14:15:17,173 middleware 42320 25672 Schéma sélectionné: tenant_f0e6399b_fc83_4ea9_87b5_5d0b6c1e5d2b pour tenant f0e6399b-fc83-4ea9-87b5-5d0b6c1e5d2b
INFO 2025-07-16 14:15:17,173 middleware 42320 42560 Schéma sélectionné: tenant_f0e6399b_fc83_4ea9_87b5_5d0b6c1e5d2b pour tenant f0e6399b-fc83-4ea9-87b5-5d0b6c1e5d2b
INFO 2025-07-16 14:16:41,105 middleware 42320 21524 Schéma sélectionné: tenant_f0e6399b_fc83_4ea9_87b5_5d0b6c1e5d2b pour tenant f0e6399b-fc83-4ea9-87b5-5d0b6c1e5d2b
INFO 2025-07-16 14:16:41,438 middleware 42320 43104 Schéma sélectionné: tenant_f0e6399b_fc83_4ea9_87b5_5d0b6c1e5d2b pour tenant f0e6399b-fc83-4ea9-87b5-5d0b6c1e5d2b
INFO 2025-07-16 14:16:41,783 middleware 42320 27700 Schéma sélectionné: tenant_f0e6399b_fc83_4ea9_87b5_5d0b6c1e5d2b pour tenant f0e6399b-fc83-4ea9-87b5-5d0b6c1e5d2b
INFO 2025-07-16 14:16:42,090 middleware 42320 12664 Schéma sélectionné: tenant_f0e6399b_fc83_4ea9_87b5_5d0b6c1e5d2b pour tenant f0e6399b-fc83-4ea9-87b5-5d0b6c1e5d2b
INFO 2025-07-16 14:16:42,429 middleware 42320 31572 Schéma sélectionné: tenant_f0e6399b_fc83_4ea9_87b5_5d0b6c1e5d2b pour tenant f0e6399b-fc83-4ea9-87b5-5d0b6c1e5d2b
INFO 2025-07-16 14:16:42,784 middleware 42320 35396 Schéma sélectionné: tenant_f0e6399b_fc83_4ea9_87b5_5d0b6c1e5d2b pour tenant f0e6399b-fc83-4ea9-87b5-5d0b6c1e5d2b
INFO 2025-07-16 20:24:47,018 middleware 42320 46248 Schéma sélectionné: tenant_f0e6399b_fc83_4ea9_87b5_5d0b6c1e5d2b pour tenant f0e6399b-fc83-4ea9-87b5-5d0b6c1e5d2b
INFO 2025-07-16 20:24:47,870 middleware 42320 32064 Schéma sélectionné: tenant_f0e6399b_fc83_4ea9_87b5_5d0b6c1e5d2b pour tenant f0e6399b-fc83-4ea9-87b5-5d0b6c1e5d2b
INFO 2025-07-16 20:24:48,107 middleware 42320 10504 Schéma sélectionné: tenant_f0e6399b_fc83_4ea9_87b5_5d0b6c1e5d2b pour tenant f0e6399b-fc83-4ea9-87b5-5d0b6c1e5d2b
INFO 2025-07-16 20:24:49,139 middleware 42320 28824 Schéma sélectionné: tenant_f0e6399b_fc83_4ea9_87b5_5d0b6c1e5d2b pour tenant f0e6399b-fc83-4ea9-87b5-5d0b6c1e5d2b
INFO 2025-07-16 20:24:49,267 middleware 42320 38004 Schéma sélectionné: tenant_f0e6399b_fc83_4ea9_87b5_5d0b6c1e5d2b pour tenant f0e6399b-fc83-4ea9-87b5-5d0b6c1e5d2b
INFO 2025-07-16 20:24:49,898 middleware 42320 9636 Schéma sélectionné: tenant_f0e6399b_fc83_4ea9_87b5_5d0b6c1e5d2b pour tenant f0e6399b-fc83-4ea9-87b5-5d0b6c1e5d2b
INFO 2025-07-18 10:31:32,298 middleware 14140 10948 Schéma sélectionné: tenant_f0e6399b_fc83_4ea9_87b5_5d0b6c1e5d2b pour tenant f0e6399b-fc83-4ea9-87b5-5d0b6c1e5d2b
INFO 2025-07-18 10:31:32,950 middleware 14140 30448 Schéma sélectionné: tenant_f0e6399b_fc83_4ea9_87b5_5d0b6c1e5d2b pour tenant f0e6399b-fc83-4ea9-87b5-5d0b6c1e5d2b
INFO 2025-07-18 10:31:33,208 middleware 14140 14740 Schéma sélectionné: tenant_f0e6399b_fc83_4ea9_87b5_5d0b6c1e5d2b pour tenant f0e6399b-fc83-4ea9-87b5-5d0b6c1e5d2b
INFO 2025-07-18 10:31:33,780 middleware 14140 22480 Schéma sélectionné: tenant_f0e6399b_fc83_4ea9_87b5_5d0b6c1e5d2b pour tenant f0e6399b-fc83-4ea9-87b5-5d0b6c1e5d2b
INFO 2025-07-18 10:31:40,690 middleware 14140 31692 Schéma sélectionné: tenant_f0e6399b_fc83_4ea9_87b5_5d0b6c1e5d2b pour tenant f0e6399b-fc83-4ea9-87b5-5d0b6c1e5d2b
INFO 2025-07-18 10:31:40,690 middleware 14140 47016 Schéma sélectionné: tenant_f0e6399b_fc83_4ea9_87b5_5d0b6c1e5d2b pour tenant f0e6399b-fc83-4ea9-87b5-5d0b6c1e5d2b
INFO 2025-07-18 10:31:41,354 middleware 14140 15608 Schéma sélectionné: tenant_f0e6399b_fc83_4ea9_87b5_5d0b6c1e5d2b pour tenant f0e6399b-fc83-4ea9-87b5-5d0b6c1e5d2b
INFO 2025-07-18 10:31:41,648 middleware 14140 47972 Schéma sélectionné: tenant_f0e6399b_fc83_4ea9_87b5_5d0b6c1e5d2b pour tenant f0e6399b-fc83-4ea9-87b5-5d0b6c1e5d2b
INFO 2025-07-18 10:31:41,990 middleware 14140 30756 Schéma sélectionné: tenant_f0e6399b_fc83_4ea9_87b5_5d0b6c1e5d2b pour tenant f0e6399b-fc83-4ea9-87b5-5d0b6c1e5d2b
INFO 2025-07-18 10:31:42,245 middleware 14140 34212 Schéma sélectionné: tenant_f0e6399b_fc83_4ea9_87b5_5d0b6c1e5d2b pour tenant f0e6399b-fc83-4ea9-87b5-5d0b6c1e5d2b
INFO 2025-07-18 10:31:56,720 middleware 14140 47816 Schéma sélectionné: tenant_f0e6399b_fc83_4ea9_87b5_5d0b6c1e5d2b pour tenant f0e6399b-fc83-4ea9-87b5-5d0b6c1e5d2b
INFO 2025-07-18 10:31:57,559 middleware 14140 4548 Schéma sélectionné: tenant_f0e6399b_fc83_4ea9_87b5_5d0b6c1e5d2b pour tenant f0e6399b-fc83-4ea9-87b5-5d0b6c1e5d2b
INFO 2025-07-18 10:31:57,560 middleware 14140 8460 Schéma sélectionné: tenant_f0e6399b_fc83_4ea9_87b5_5d0b6c1e5d2b pour tenant f0e6399b-fc83-4ea9-87b5-5d0b6c1e5d2b
INFO 2025-07-18 10:31:58,158 middleware 14140 16752 Schéma sélectionné: tenant_f0e6399b_fc83_4ea9_87b5_5d0b6c1e5d2b pour tenant f0e6399b-fc83-4ea9-87b5-5d0b6c1e5d2b
INFO 2025-07-18 10:32:12,607 middleware 14140 38412 Schéma sélectionné: tenant_f0e6399b_fc83_4ea9_87b5_5d0b6c1e5d2b pour tenant f0e6399b-fc83-4ea9-87b5-5d0b6c1e5d2b
INFO 2025-07-18 10:32:13,259 middleware 14140 7652 Schéma sélectionné: tenant_f0e6399b_fc83_4ea9_87b5_5d0b6c1e5d2b pour tenant f0e6399b-fc83-4ea9-87b5-5d0b6c1e5d2b
INFO 2025-07-18 11:56:05,730 middleware 14140 34488 Schéma sélectionné: tenant_f0e6399b_fc83_4ea9_87b5_5d0b6c1e5d2b pour tenant f0e6399b-fc83-4ea9-87b5-5d0b6c1e5d2b
INFO 2025-07-18 11:56:05,731 middleware 14140 41528 Schéma sélectionné: tenant_f0e6399b_fc83_4ea9_87b5_5d0b6c1e5d2b pour tenant f0e6399b-fc83-4ea9-87b5-5d0b6c1e5d2b
INFO 2025-07-18 11:56:06,475 middleware 14140 43168 Schéma sélectionné: tenant_f0e6399b_fc83_4ea9_87b5_5d0b6c1e5d2b pour tenant f0e6399b-fc83-4ea9-87b5-5d0b6c1e5d2b
INFO 2025-07-18 11:56:06,937 middleware 14140 5348 Schéma sélectionné: tenant_f0e6399b_fc83_4ea9_87b5_5d0b6c1e5d2b pour tenant f0e6399b-fc83-4ea9-87b5-5d0b6c1e5d2b
INFO 2025-07-18 11:56:07,374 middleware 14140 19172 Schéma sélectionné: tenant_f0e6399b_fc83_4ea9_87b5_5d0b6c1e5d2b pour tenant f0e6399b-fc83-4ea9-87b5-5d0b6c1e5d2b
INFO 2025-07-18 11:56:07,655 middleware 14140 33800 Schéma sélectionné: tenant_f0e6399b_fc83_4ea9_87b5_5d0b6c1e5d2b pour tenant f0e6399b-fc83-4ea9-87b5-5d0b6c1e5d2b
INFO 2025-07-18 11:56:08,110 middleware 14140 34548 Schéma sélectionné: tenant_f0e6399b_fc83_4ea9_87b5_5d0b6c1e5d2b pour tenant f0e6399b-fc83-4ea9-87b5-5d0b6c1e5d2b
INFO 2025-07-18 11:56:08,832 middleware 14140 46988 Schéma sélectionné: tenant_f0e6399b_fc83_4ea9_87b5_5d0b6c1e5d2b pour tenant f0e6399b-fc83-4ea9-87b5-5d0b6c1e5d2b
INFO 2025-07-18 11:56:09,072 middleware 14140 28420 Schéma sélectionné: tenant_f0e6399b_fc83_4ea9_87b5_5d0b6c1e5d2b pour tenant f0e6399b-fc83-4ea9-87b5-5d0b6c1e5d2b
INFO 2025-07-18 11:56:09,727 middleware 14140 18376 Schéma sélectionné: tenant_f0e6399b_fc83_4ea9_87b5_5d0b6c1e5d2b pour tenant f0e6399b-fc83-4ea9-87b5-5d0b6c1e5d2b
INFO 2025-07-18 11:56:09,983 middleware 14140 45192 Schéma sélectionné: tenant_f0e6399b_fc83_4ea9_87b5_5d0b6c1e5d2b pour tenant f0e6399b-fc83-4ea9-87b5-5d0b6c1e5d2b
INFO 2025-07-18 11:56:10,606 middleware 14140 15260 Schéma sélectionné: tenant_f0e6399b_fc83_4ea9_87b5_5d0b6c1e5d2b pour tenant f0e6399b-fc83-4ea9-87b5-5d0b6c1e5d2b
INFO 2025-07-18 11:59:24,716 middleware 14140 19016 Schéma sélectionné: tenant_f0e6399b_fc83_4ea9_87b5_5d0b6c1e5d2b pour tenant f0e6399b-fc83-4ea9-87b5-5d0b6c1e5d2b
INFO 2025-07-18 11:59:24,717 middleware 14140 40936 Schéma sélectionné: tenant_f0e6399b_fc83_4ea9_87b5_5d0b6c1e5d2b pour tenant f0e6399b-fc83-4ea9-87b5-5d0b6c1e5d2b
INFO 2025-07-18 11:59:25,423 middleware 14140 14256 Schéma sélectionné: tenant_f0e6399b_fc83_4ea9_87b5_5d0b6c1e5d2b pour tenant f0e6399b-fc83-4ea9-87b5-5d0b6c1e5d2b
INFO 2025-07-18 11:59:25,794 middleware 14140 49280 Schéma sélectionné: tenant_f0e6399b_fc83_4ea9_87b5_5d0b6c1e5d2b pour tenant f0e6399b-fc83-4ea9-87b5-5d0b6c1e5d2b
INFO 2025-07-18 11:59:26,160 middleware 14140 30068 Schéma sélectionné: tenant_f0e6399b_fc83_4ea9_87b5_5d0b6c1e5d2b pour tenant f0e6399b-fc83-4ea9-87b5-5d0b6c1e5d2b
INFO 2025-07-18 11:59:26,531 middleware 14140 19584 Schéma sélectionné: tenant_f0e6399b_fc83_4ea9_87b5_5d0b6c1e5d2b pour tenant f0e6399b-fc83-4ea9-87b5-5d0b6c1e5d2b
INFO 2025-07-18 11:59:29,776 middleware 14140 25496 Schéma sélectionné: tenant_f0e6399b_fc83_4ea9_87b5_5d0b6c1e5d2b pour tenant f0e6399b-fc83-4ea9-87b5-5d0b6c1e5d2b
INFO 2025-07-18 11:59:30,660 middleware 14140 41528 Schéma sélectionné: tenant_f0e6399b_fc83_4ea9_87b5_5d0b6c1e5d2b pour tenant f0e6399b-fc83-4ea9-87b5-5d0b6c1e5d2b
INFO 2025-07-18 11:59:30,663 middleware 14140 39248 Schéma sélectionné: tenant_f0e6399b_fc83_4ea9_87b5_5d0b6c1e5d2b pour tenant f0e6399b-fc83-4ea9-87b5-5d0b6c1e5d2b
INFO 2025-07-18 11:59:31,368 middleware 14140 25836 Schéma sélectionné: tenant_f0e6399b_fc83_4ea9_87b5_5d0b6c1e5d2b pour tenant f0e6399b-fc83-4ea9-87b5-5d0b6c1e5d2b
INFO 2025-07-18 11:59:44,322 middleware 14140 38708 Schéma sélectionné: tenant_f0e6399b_fc83_4ea9_87b5_5d0b6c1e5d2b pour tenant f0e6399b-fc83-4ea9-87b5-5d0b6c1e5d2b
INFO 2025-07-18 11:59:44,992 middleware 14140 13644 Schéma sélectionné: tenant_f0e6399b_fc83_4ea9_87b5_5d0b6c1e5d2b pour tenant f0e6399b-fc83-4ea9-87b5-5d0b6c1e5d2b
INFO 2025-07-18 12:18:21,259 middleware 14140 11128 Schéma sélectionné: tenant_f0e6399b_fc83_4ea9_87b5_5d0b6c1e5d2b pour tenant f0e6399b-fc83-4ea9-87b5-5d0b6c1e5d2b
INFO 2025-07-18 12:18:22,033 middleware 14140 29052 Schéma sélectionné: tenant_f0e6399b_fc83_4ea9_87b5_5d0b6c1e5d2b pour tenant f0e6399b-fc83-4ea9-87b5-5d0b6c1e5d2b
INFO 2025-07-18 12:18:22,292 middleware 14140 30212 Schéma sélectionné: tenant_f0e6399b_fc83_4ea9_87b5_5d0b6c1e5d2b pour tenant f0e6399b-fc83-4ea9-87b5-5d0b6c1e5d2b
INFO 2025-07-18 12:18:23,012 middleware 14140 17504 Schéma sélectionné: tenant_f0e6399b_fc83_4ea9_87b5_5d0b6c1e5d2b pour tenant f0e6399b-fc83-4ea9-87b5-5d0b6c1e5d2b
INFO 2025-07-18 12:19:18,678 middleware 14140 35128 Schéma sélectionné: tenant_f0e6399b_fc83_4ea9_87b5_5d0b6c1e5d2b pour tenant f0e6399b-fc83-4ea9-87b5-5d0b6c1e5d2b
INFO 2025-07-18 12:19:19,322 middleware 14140 46052 Schéma sélectionné: tenant_f0e6399b_fc83_4ea9_87b5_5d0b6c1e5d2b pour tenant f0e6399b-fc83-4ea9-87b5-5d0b6c1e5d2b
INFO 2025-07-18 12:40:47,961 middleware 14140 42064 Schéma sélectionné: tenant_f0e6399b_fc83_4ea9_87b5_5d0b6c1e5d2b pour tenant f0e6399b-fc83-4ea9-87b5-5d0b6c1e5d2b
INFO 2025-07-18 12:40:48,784 middleware 14140 38596 Schéma sélectionné: tenant_f0e6399b_fc83_4ea9_87b5_5d0b6c1e5d2b pour tenant f0e6399b-fc83-4ea9-87b5-5d0b6c1e5d2b
INFO 2025-07-18 12:40:49,039 middleware 14140 30908 Schéma sélectionné: tenant_f0e6399b_fc83_4ea9_87b5_5d0b6c1e5d2b pour tenant f0e6399b-fc83-4ea9-87b5-5d0b6c1e5d2b
INFO 2025-07-18 12:40:49,654 middleware 14140 33068 Schéma sélectionné: tenant_f0e6399b_fc83_4ea9_87b5_5d0b6c1e5d2b pour tenant f0e6399b-fc83-4ea9-87b5-5d0b6c1e5d2b
INFO 2025-07-18 13:15:53,638 middleware 14140 46116 Schéma sélectionné: tenant_f0e6399b_fc83_4ea9_87b5_5d0b6c1e5d2b pour tenant f0e6399b-fc83-4ea9-87b5-5d0b6c1e5d2b
INFO 2025-07-18 13:15:53,639 middleware 14140 35084 Schéma sélectionné: tenant_f0e6399b_fc83_4ea9_87b5_5d0b6c1e5d2b pour tenant f0e6399b-fc83-4ea9-87b5-5d0b6c1e5d2b
INFO 2025-07-18 13:15:54,270 middleware 14140 2828 Schéma sélectionné: tenant_f0e6399b_fc83_4ea9_87b5_5d0b6c1e5d2b pour tenant f0e6399b-fc83-4ea9-87b5-5d0b6c1e5d2b
INFO 2025-07-18 13:15:54,683 middleware 14140 41908 Schéma sélectionné: tenant_f0e6399b_fc83_4ea9_87b5_5d0b6c1e5d2b pour tenant f0e6399b-fc83-4ea9-87b5-5d0b6c1e5d2b
INFO 2025-07-18 13:15:55,034 middleware 14140 34176 Schéma sélectionné: tenant_f0e6399b_fc83_4ea9_87b5_5d0b6c1e5d2b pour tenant f0e6399b-fc83-4ea9-87b5-5d0b6c1e5d2b
INFO 2025-07-18 13:15:55,302 middleware 14140 28068 Schéma sélectionné: tenant_f0e6399b_fc83_4ea9_87b5_5d0b6c1e5d2b pour tenant f0e6399b-fc83-4ea9-87b5-5d0b6c1e5d2b
ERROR 2025-07-18 15:04:26,058 middleware_hybrid 29720 39784 Erreur lors de la création du tenant 764a20d3-3937-4436-93ac-4eb06f9e0a4e: ERREUR:  la transaction est annulée, les commandes sont ignorées jusqu'à la fin du bloc
de la transaction

INFO 2025-07-18 15:04:26,714 middleware_hybrid 29720 40956 Tenant configuré: tenant_764a20d3_3937_4436_93ac_4eb06f9e0a4e pour UUID 764a20d3-3937-4436-93ac-4eb06f9e0a4e
INFO 2025-07-18 15:04:27,234 middleware_hybrid 29720 31456 Tenant configuré: tenant_764a20d3_3937_4436_93ac_4eb06f9e0a4e pour UUID 764a20d3-3937-4436-93ac-4eb06f9e0a4e
INFO 2025-07-18 15:04:42,560 middleware_hybrid 29720 24452 Tenant configuré: tenant_764a20d3_3937_4436_93ac_4eb06f9e0a4e pour UUID 764a20d3-3937-4436-93ac-4eb06f9e0a4e
INFO 2025-07-18 15:04:43,095 middleware_hybrid 29720 11448 Tenant configuré: tenant_764a20d3_3937_4436_93ac_4eb06f9e0a4e pour UUID 764a20d3-3937-4436-93ac-4eb06f9e0a4e
INFO 2025-07-18 15:04:43,358 middleware_hybrid 29720 35984 Tenant configuré: tenant_764a20d3_3937_4436_93ac_4eb06f9e0a4e pour UUID 764a20d3-3937-4436-93ac-4eb06f9e0a4e
INFO 2025-07-18 15:04:43,980 middleware_hybrid 29720 32588 Tenant configuré: tenant_764a20d3_3937_4436_93ac_4eb06f9e0a4e pour UUID 764a20d3-3937-4436-93ac-4eb06f9e0a4e
INFO 2025-07-18 15:05:00,537 middleware_hybrid 29720 28832 Tenant configuré: tenant_764a20d3_3937_4436_93ac_4eb06f9e0a4e pour UUID 764a20d3-3937-4436-93ac-4eb06f9e0a4e
INFO 2025-07-18 15:05:00,671 middleware_hybrid 29720 33472 Tenant configuré: tenant_764a20d3_3937_4436_93ac_4eb06f9e0a4e pour UUID 764a20d3-3937-4436-93ac-4eb06f9e0a4e
INFO 2025-07-18 15:05:01,095 middleware_hybrid 29720 44732 Tenant configuré: tenant_764a20d3_3937_4436_93ac_4eb06f9e0a4e pour UUID 764a20d3-3937-4436-93ac-4eb06f9e0a4e
INFO 2025-07-18 15:05:01,347 middleware_hybrid 29720 41612 Tenant configuré: tenant_764a20d3_3937_4436_93ac_4eb06f9e0a4e pour UUID 764a20d3-3937-4436-93ac-4eb06f9e0a4e
INFO 2025-07-18 15:05:01,606 middleware_hybrid 29720 12024 Tenant configuré: tenant_764a20d3_3937_4436_93ac_4eb06f9e0a4e pour UUID 764a20d3-3937-4436-93ac-4eb06f9e0a4e
INFO 2025-07-18 15:05:01,874 middleware_hybrid 29720 39124 Tenant configuré: tenant_764a20d3_3937_4436_93ac_4eb06f9e0a4e pour UUID 764a20d3-3937-4436-93ac-4eb06f9e0a4e
INFO 2025-07-18 15:05:12,449 middleware_hybrid 29720 45212 Tenant configuré: tenant_764a20d3_3937_4436_93ac_4eb06f9e0a4e pour UUID 764a20d3-3937-4436-93ac-4eb06f9e0a4e
INFO 2025-07-18 15:05:12,577 middleware_hybrid 29720 45512 Tenant configuré: tenant_764a20d3_3937_4436_93ac_4eb06f9e0a4e pour UUID 764a20d3-3937-4436-93ac-4eb06f9e0a4e
INFO 2025-07-18 15:05:13,005 middleware_hybrid 29720 42544 Tenant configuré: tenant_764a20d3_3937_4436_93ac_4eb06f9e0a4e pour UUID 764a20d3-3937-4436-93ac-4eb06f9e0a4e
INFO 2025-07-18 15:05:13,324 middleware_hybrid 29720 49732 Tenant configuré: tenant_764a20d3_3937_4436_93ac_4eb06f9e0a4e pour UUID 764a20d3-3937-4436-93ac-4eb06f9e0a4e
INFO 2025-07-18 15:05:13,661 middleware_hybrid 29720 10904 Tenant configuré: tenant_764a20d3_3937_4436_93ac_4eb06f9e0a4e pour UUID 764a20d3-3937-4436-93ac-4eb06f9e0a4e
INFO 2025-07-18 15:05:13,916 middleware_hybrid 29720 41824 Tenant configuré: tenant_764a20d3_3937_4436_93ac_4eb06f9e0a4e pour UUID 764a20d3-3937-4436-93ac-4eb06f9e0a4e
INFO 2025-07-18 15:09:17,303 middleware_hybrid 40232 44964 Tenant existant trouvé: tenant_764a20d3_3937_4436_93ac_4eb06f9e0a4e pour UUID 764a20d3-3937-4436-93ac-4eb06f9e0a4e
INFO 2025-07-18 15:09:17,303 middleware_hybrid 40232 912 Tenant existant trouvé: tenant_764a20d3_3937_4436_93ac_4eb06f9e0a4e pour UUID 764a20d3-3937-4436-93ac-4eb06f9e0a4e
INFO 2025-07-18 15:09:17,303 middleware_hybrid 40232 44964 Tenant configuré: tenant_764a20d3_3937_4436_93ac_4eb06f9e0a4e pour UUID 764a20d3-3937-4436-93ac-4eb06f9e0a4e
INFO 2025-07-18 15:09:17,303 middleware_hybrid 40232 912 Tenant configuré: tenant_764a20d3_3937_4436_93ac_4eb06f9e0a4e pour UUID 764a20d3-3937-4436-93ac-4eb06f9e0a4e
INFO 2025-07-18 15:09:17,809 middleware_hybrid 40232 47468 Tenant existant trouvé: tenant_764a20d3_3937_4436_93ac_4eb06f9e0a4e pour UUID 764a20d3-3937-4436-93ac-4eb06f9e0a4e
INFO 2025-07-18 15:09:17,810 middleware_hybrid 40232 47468 Tenant configuré: tenant_764a20d3_3937_4436_93ac_4eb06f9e0a4e pour UUID 764a20d3-3937-4436-93ac-4eb06f9e0a4e
INFO 2025-07-18 15:09:18,055 middleware_hybrid 40232 26248 Tenant existant trouvé: tenant_764a20d3_3937_4436_93ac_4eb06f9e0a4e pour UUID 764a20d3-3937-4436-93ac-4eb06f9e0a4e
INFO 2025-07-18 15:09:18,056 middleware_hybrid 40232 26248 Tenant configuré: tenant_764a20d3_3937_4436_93ac_4eb06f9e0a4e pour UUID 764a20d3-3937-4436-93ac-4eb06f9e0a4e
INFO 2025-07-18 15:09:18,429 middleware_hybrid 40232 21792 Tenant existant trouvé: tenant_764a20d3_3937_4436_93ac_4eb06f9e0a4e pour UUID 764a20d3-3937-4436-93ac-4eb06f9e0a4e
INFO 2025-07-18 15:09:18,429 middleware_hybrid 40232 21792 Tenant configuré: tenant_764a20d3_3937_4436_93ac_4eb06f9e0a4e pour UUID 764a20d3-3937-4436-93ac-4eb06f9e0a4e
INFO 2025-07-18 15:09:18,559 middleware_hybrid 40232 4908 Tenant existant trouvé: tenant_764a20d3_3937_4436_93ac_4eb06f9e0a4e pour UUID 764a20d3-3937-4436-93ac-4eb06f9e0a4e
INFO 2025-07-18 15:09:18,560 middleware_hybrid 40232 4908 Tenant configuré: tenant_764a20d3_3937_4436_93ac_4eb06f9e0a4e pour UUID 764a20d3-3937-4436-93ac-4eb06f9e0a4e
INFO 2025-07-18 15:11:28,085 middleware_hybrid 40232 24892 Tenant existant trouvé: tenant_764a20d3_3937_4436_93ac_4eb06f9e0a4e pour UUID 764a20d3-3937-4436-93ac-4eb06f9e0a4e
INFO 2025-07-18 15:11:28,085 middleware_hybrid 40232 24892 Tenant configuré: tenant_764a20d3_3937_4436_93ac_4eb06f9e0a4e pour UUID 764a20d3-3937-4436-93ac-4eb06f9e0a4e
INFO 2025-07-18 15:11:28,460 middleware_hybrid 40232 17788 Tenant existant trouvé: tenant_764a20d3_3937_4436_93ac_4eb06f9e0a4e pour UUID 764a20d3-3937-4436-93ac-4eb06f9e0a4e
INFO 2025-07-18 15:11:28,460 middleware_hybrid 40232 17788 Tenant configuré: tenant_764a20d3_3937_4436_93ac_4eb06f9e0a4e pour UUID 764a20d3-3937-4436-93ac-4eb06f9e0a4e
INFO 2025-07-18 15:11:28,731 middleware_hybrid 40232 48752 Tenant existant trouvé: tenant_764a20d3_3937_4436_93ac_4eb06f9e0a4e pour UUID 764a20d3-3937-4436-93ac-4eb06f9e0a4e
INFO 2025-07-18 15:11:28,731 middleware_hybrid 40232 48752 Tenant configuré: tenant_764a20d3_3937_4436_93ac_4eb06f9e0a4e pour UUID 764a20d3-3937-4436-93ac-4eb06f9e0a4e
INFO 2025-07-18 15:11:29,092 middleware_hybrid 40232 36792 Tenant existant trouvé: tenant_764a20d3_3937_4436_93ac_4eb06f9e0a4e pour UUID 764a20d3-3937-4436-93ac-4eb06f9e0a4e
INFO 2025-07-18 15:11:29,092 middleware_hybrid 40232 36792 Tenant configuré: tenant_764a20d3_3937_4436_93ac_4eb06f9e0a4e pour UUID 764a20d3-3937-4436-93ac-4eb06f9e0a4e
INFO 2025-07-18 15:11:29,366 middleware_hybrid 40232 7912 Tenant existant trouvé: tenant_764a20d3_3937_4436_93ac_4eb06f9e0a4e pour UUID 764a20d3-3937-4436-93ac-4eb06f9e0a4e
INFO 2025-07-18 15:11:29,367 middleware_hybrid 40232 7912 Tenant configuré: tenant_764a20d3_3937_4436_93ac_4eb06f9e0a4e pour UUID 764a20d3-3937-4436-93ac-4eb06f9e0a4e
INFO 2025-07-18 15:11:29,626 middleware_hybrid 40232 48496 Tenant existant trouvé: tenant_764a20d3_3937_4436_93ac_4eb06f9e0a4e pour UUID 764a20d3-3937-4436-93ac-4eb06f9e0a4e
INFO 2025-07-18 15:11:29,627 middleware_hybrid 40232 48496 Tenant configuré: tenant_764a20d3_3937_4436_93ac_4eb06f9e0a4e pour UUID 764a20d3-3937-4436-93ac-4eb06f9e0a4e
INFO 2025-07-18 15:11:46,196 middleware_hybrid 40232 29412 Tenant existant trouvé: tenant_764a20d3_3937_4436_93ac_4eb06f9e0a4e pour UUID 764a20d3-3937-4436-93ac-4eb06f9e0a4e
INFO 2025-07-18 15:11:46,197 middleware_hybrid 40232 29412 Tenant configuré: tenant_764a20d3_3937_4436_93ac_4eb06f9e0a4e pour UUID 764a20d3-3937-4436-93ac-4eb06f9e0a4e
INFO 2025-07-18 15:11:46,441 middleware_hybrid 40232 32444 Tenant existant trouvé: tenant_764a20d3_3937_4436_93ac_4eb06f9e0a4e pour UUID 764a20d3-3937-4436-93ac-4eb06f9e0a4e
INFO 2025-07-18 15:11:46,441 middleware_hybrid 40232 32444 Tenant configuré: tenant_764a20d3_3937_4436_93ac_4eb06f9e0a4e pour UUID 764a20d3-3937-4436-93ac-4eb06f9e0a4e
INFO 2025-07-18 15:11:46,689 middleware_hybrid 40232 8632 Tenant existant trouvé: tenant_764a20d3_3937_4436_93ac_4eb06f9e0a4e pour UUID 764a20d3-3937-4436-93ac-4eb06f9e0a4e
INFO 2025-07-18 15:11:46,690 middleware_hybrid 40232 8632 Tenant configuré: tenant_764a20d3_3937_4436_93ac_4eb06f9e0a4e pour UUID 764a20d3-3937-4436-93ac-4eb06f9e0a4e
INFO 2025-07-18 15:11:46,951 middleware_hybrid 40232 29900 Tenant existant trouvé: tenant_764a20d3_3937_4436_93ac_4eb06f9e0a4e pour UUID 764a20d3-3937-4436-93ac-4eb06f9e0a4e
INFO 2025-07-18 15:11:46,952 middleware_hybrid 40232 29900 Tenant configuré: tenant_764a20d3_3937_4436_93ac_4eb06f9e0a4e pour UUID 764a20d3-3937-4436-93ac-4eb06f9e0a4e
INFO 2025-07-18 15:11:47,196 middleware_hybrid 40232 32688 Tenant existant trouvé: tenant_764a20d3_3937_4436_93ac_4eb06f9e0a4e pour UUID 764a20d3-3937-4436-93ac-4eb06f9e0a4e
INFO 2025-07-18 15:11:47,197 middleware_hybrid 40232 32688 Tenant configuré: tenant_764a20d3_3937_4436_93ac_4eb06f9e0a4e pour UUID 764a20d3-3937-4436-93ac-4eb06f9e0a4e
INFO 2025-07-18 15:11:47,447 middleware_hybrid 40232 26724 Tenant existant trouvé: tenant_764a20d3_3937_4436_93ac_4eb06f9e0a4e pour UUID 764a20d3-3937-4436-93ac-4eb06f9e0a4e
INFO 2025-07-18 15:11:47,447 middleware_hybrid 40232 26724 Tenant configuré: tenant_764a20d3_3937_4436_93ac_4eb06f9e0a4e pour UUID 764a20d3-3937-4436-93ac-4eb06f9e0a4e
INFO 2025-07-18 15:11:57,100 middleware_hybrid 40232 42580 Tenant existant trouvé: tenant_764a20d3_3937_4436_93ac_4eb06f9e0a4e pour UUID 764a20d3-3937-4436-93ac-4eb06f9e0a4e
INFO 2025-07-18 15:11:57,101 middleware_hybrid 40232 42580 Tenant configuré: tenant_764a20d3_3937_4436_93ac_4eb06f9e0a4e pour UUID 764a20d3-3937-4436-93ac-4eb06f9e0a4e
INFO 2025-07-18 15:11:57,354 middleware_hybrid 40232 9608 Tenant existant trouvé: tenant_764a20d3_3937_4436_93ac_4eb06f9e0a4e pour UUID 764a20d3-3937-4436-93ac-4eb06f9e0a4e
INFO 2025-07-18 15:11:57,354 middleware_hybrid 40232 9608 Tenant configuré: tenant_764a20d3_3937_4436_93ac_4eb06f9e0a4e pour UUID 764a20d3-3937-4436-93ac-4eb06f9e0a4e
INFO 2025-07-18 15:11:57,621 middleware_hybrid 40232 20872 Tenant existant trouvé: tenant_764a20d3_3937_4436_93ac_4eb06f9e0a4e pour UUID 764a20d3-3937-4436-93ac-4eb06f9e0a4e
INFO 2025-07-18 15:11:57,621 middleware_hybrid 40232 20872 Tenant configuré: tenant_764a20d3_3937_4436_93ac_4eb06f9e0a4e pour UUID 764a20d3-3937-4436-93ac-4eb06f9e0a4e
INFO 2025-07-18 15:11:57,866 middleware_hybrid 40232 29584 Tenant existant trouvé: tenant_764a20d3_3937_4436_93ac_4eb06f9e0a4e pour UUID 764a20d3-3937-4436-93ac-4eb06f9e0a4e
INFO 2025-07-18 15:11:57,866 middleware_hybrid 40232 29584 Tenant configuré: tenant_764a20d3_3937_4436_93ac_4eb06f9e0a4e pour UUID 764a20d3-3937-4436-93ac-4eb06f9e0a4e
INFO 2025-07-18 15:11:58,130 middleware_hybrid 40232 25048 Tenant existant trouvé: tenant_764a20d3_3937_4436_93ac_4eb06f9e0a4e pour UUID 764a20d3-3937-4436-93ac-4eb06f9e0a4e
INFO 2025-07-18 15:11:58,130 middleware_hybrid 40232 25048 Tenant configuré: tenant_764a20d3_3937_4436_93ac_4eb06f9e0a4e pour UUID 764a20d3-3937-4436-93ac-4eb06f9e0a4e
INFO 2025-07-18 15:11:58,467 middleware_hybrid 40232 12220 Tenant existant trouvé: tenant_764a20d3_3937_4436_93ac_4eb06f9e0a4e pour UUID 764a20d3-3937-4436-93ac-4eb06f9e0a4e
INFO 2025-07-18 15:11:58,468 middleware_hybrid 40232 12220 Tenant configuré: tenant_764a20d3_3937_4436_93ac_4eb06f9e0a4e pour UUID 764a20d3-3937-4436-93ac-4eb06f9e0a4e
INFO 2025-07-18 15:12:54,167 middleware_hybrid 40232 15392 Tenant existant trouvé: tenant_764a20d3_3937_4436_93ac_4eb06f9e0a4e pour UUID 764a20d3-3937-4436-93ac-4eb06f9e0a4e
INFO 2025-07-18 15:12:54,167 middleware_hybrid 40232 15392 Tenant configuré: tenant_764a20d3_3937_4436_93ac_4eb06f9e0a4e pour UUID 764a20d3-3937-4436-93ac-4eb06f9e0a4e
INFO 2025-07-18 15:12:54,420 middleware_hybrid 40232 32128 Tenant existant trouvé: tenant_764a20d3_3937_4436_93ac_4eb06f9e0a4e pour UUID 764a20d3-3937-4436-93ac-4eb06f9e0a4e
INFO 2025-07-18 15:12:54,420 middleware_hybrid 40232 32128 Tenant configuré: tenant_764a20d3_3937_4436_93ac_4eb06f9e0a4e pour UUID 764a20d3-3937-4436-93ac-4eb06f9e0a4e
INFO 2025-07-18 15:12:54,668 middleware_hybrid 40232 46280 Tenant existant trouvé: tenant_764a20d3_3937_4436_93ac_4eb06f9e0a4e pour UUID 764a20d3-3937-4436-93ac-4eb06f9e0a4e
INFO 2025-07-18 15:12:54,669 middleware_hybrid 40232 46280 Tenant configuré: tenant_764a20d3_3937_4436_93ac_4eb06f9e0a4e pour UUID 764a20d3-3937-4436-93ac-4eb06f9e0a4e
INFO 2025-07-18 15:12:54,911 middleware_hybrid 40232 44784 Tenant existant trouvé: tenant_764a20d3_3937_4436_93ac_4eb06f9e0a4e pour UUID 764a20d3-3937-4436-93ac-4eb06f9e0a4e
INFO 2025-07-18 15:12:54,911 middleware_hybrid 40232 44784 Tenant configuré: tenant_764a20d3_3937_4436_93ac_4eb06f9e0a4e pour UUID 764a20d3-3937-4436-93ac-4eb06f9e0a4e
INFO 2025-07-18 15:12:55,171 middleware_hybrid 40232 27512 Tenant existant trouvé: tenant_764a20d3_3937_4436_93ac_4eb06f9e0a4e pour UUID 764a20d3-3937-4436-93ac-4eb06f9e0a4e
INFO 2025-07-18 15:12:55,171 middleware_hybrid 40232 27512 Tenant configuré: tenant_764a20d3_3937_4436_93ac_4eb06f9e0a4e pour UUID 764a20d3-3937-4436-93ac-4eb06f9e0a4e
INFO 2025-07-18 15:12:55,525 middleware_hybrid 40232 27764 Tenant existant trouvé: tenant_764a20d3_3937_4436_93ac_4eb06f9e0a4e pour UUID 764a20d3-3937-4436-93ac-4eb06f9e0a4e
INFO 2025-07-18 15:12:55,525 middleware_hybrid 40232 27764 Tenant configuré: tenant_764a20d3_3937_4436_93ac_4eb06f9e0a4e pour UUID 764a20d3-3937-4436-93ac-4eb06f9e0a4e
INFO 2025-07-18 23:36:36,040 middleware_hybrid 32644 14388 Tenant existant trouvé: tenant_764a20d3_3937_4436_93ac_4eb06f9e0a4e pour UUID 764a20d3-3937-4436-93ac-4eb06f9e0a4e
INFO 2025-07-18 23:36:36,040 middleware_hybrid 32644 14388 Tenant configuré: tenant_764a20d3_3937_4436_93ac_4eb06f9e0a4e pour UUID 764a20d3-3937-4436-93ac-4eb06f9e0a4e
INFO 2025-07-18 23:36:36,647 middleware_hybrid 32644 6396 Tenant existant trouvé: tenant_764a20d3_3937_4436_93ac_4eb06f9e0a4e pour UUID 764a20d3-3937-4436-93ac-4eb06f9e0a4e
INFO 2025-07-18 23:36:36,648 middleware_hybrid 32644 6396 Tenant configuré: tenant_764a20d3_3937_4436_93ac_4eb06f9e0a4e pour UUID 764a20d3-3937-4436-93ac-4eb06f9e0a4e
INFO 2025-07-18 23:36:36,905 middleware_hybrid 32644 45584 Tenant existant trouvé: tenant_764a20d3_3937_4436_93ac_4eb06f9e0a4e pour UUID 764a20d3-3937-4436-93ac-4eb06f9e0a4e
INFO 2025-07-18 23:36:36,905 middleware_hybrid 32644 45584 Tenant configuré: tenant_764a20d3_3937_4436_93ac_4eb06f9e0a4e pour UUID 764a20d3-3937-4436-93ac-4eb06f9e0a4e
INFO 2025-07-18 23:36:37,545 middleware_hybrid 32644 45768 Tenant existant trouvé: tenant_764a20d3_3937_4436_93ac_4eb06f9e0a4e pour UUID 764a20d3-3937-4436-93ac-4eb06f9e0a4e
INFO 2025-07-18 23:36:37,545 middleware_hybrid 32644 45768 Tenant configuré: tenant_764a20d3_3937_4436_93ac_4eb06f9e0a4e pour UUID 764a20d3-3937-4436-93ac-4eb06f9e0a4e
INFO 2025-07-19 00:10:47,485 middleware_hybrid 32644 39328 Tenant existant trouvé: tenant_764a20d3_3937_4436_93ac_4eb06f9e0a4e pour UUID 764a20d3-3937-4436-93ac-4eb06f9e0a4e
INFO 2025-07-19 00:10:47,485 middleware_hybrid 32644 39328 Tenant configuré: tenant_764a20d3_3937_4436_93ac_4eb06f9e0a4e pour UUID 764a20d3-3937-4436-93ac-4eb06f9e0a4e
INFO 2025-07-19 00:10:48,062 middleware_hybrid 32644 12320 Tenant existant trouvé: tenant_764a20d3_3937_4436_93ac_4eb06f9e0a4e pour UUID 764a20d3-3937-4436-93ac-4eb06f9e0a4e
INFO 2025-07-19 00:10:48,070 middleware_hybrid 32644 12320 Tenant configuré: tenant_764a20d3_3937_4436_93ac_4eb06f9e0a4e pour UUID 764a20d3-3937-4436-93ac-4eb06f9e0a4e
INFO 2025-07-19 00:10:48,318 middleware_hybrid 32644 32488 Tenant existant trouvé: tenant_764a20d3_3937_4436_93ac_4eb06f9e0a4e pour UUID 764a20d3-3937-4436-93ac-4eb06f9e0a4e
INFO 2025-07-19 00:10:48,318 middleware_hybrid 32644 32488 Tenant configuré: tenant_764a20d3_3937_4436_93ac_4eb06f9e0a4e pour UUID 764a20d3-3937-4436-93ac-4eb06f9e0a4e
INFO 2025-07-19 00:10:48,986 middleware_hybrid 32644 18412 Tenant existant trouvé: tenant_764a20d3_3937_4436_93ac_4eb06f9e0a4e pour UUID 764a20d3-3937-4436-93ac-4eb06f9e0a4e
INFO 2025-07-19 00:10:48,987 middleware_hybrid 32644 18412 Tenant configuré: tenant_764a20d3_3937_4436_93ac_4eb06f9e0a4e pour UUID 764a20d3-3937-4436-93ac-4eb06f9e0a4e
INFO 2025-07-19 00:12:59,682 middleware_hybrid 32644 7368 Tenant existant trouvé: tenant_764a20d3_3937_4436_93ac_4eb06f9e0a4e pour UUID 764a20d3-3937-4436-93ac-4eb06f9e0a4e
INFO 2025-07-19 00:12:59,683 middleware_hybrid 32644 7368 Tenant configuré: tenant_764a20d3_3937_4436_93ac_4eb06f9e0a4e pour UUID 764a20d3-3937-4436-93ac-4eb06f9e0a4e
INFO 2025-07-19 00:13:00,549 middleware_hybrid 32644 43904 Tenant existant trouvé: tenant_764a20d3_3937_4436_93ac_4eb06f9e0a4e pour UUID 764a20d3-3937-4436-93ac-4eb06f9e0a4e
INFO 2025-07-19 00:13:00,550 middleware_hybrid 32644 49564 Tenant existant trouvé: tenant_764a20d3_3937_4436_93ac_4eb06f9e0a4e pour UUID 764a20d3-3937-4436-93ac-4eb06f9e0a4e
INFO 2025-07-19 00:13:00,550 middleware_hybrid 32644 43904 Tenant configuré: tenant_764a20d3_3937_4436_93ac_4eb06f9e0a4e pour UUID 764a20d3-3937-4436-93ac-4eb06f9e0a4e
INFO 2025-07-19 00:13:00,550 middleware_hybrid 32644 49564 Tenant configuré: tenant_764a20d3_3937_4436_93ac_4eb06f9e0a4e pour UUID 764a20d3-3937-4436-93ac-4eb06f9e0a4e
INFO 2025-07-19 00:13:01,132 middleware_hybrid 32644 4272 Tenant existant trouvé: tenant_764a20d3_3937_4436_93ac_4eb06f9e0a4e pour UUID 764a20d3-3937-4436-93ac-4eb06f9e0a4e
INFO 2025-07-19 00:13:01,132 middleware_hybrid 32644 4272 Tenant configuré: tenant_764a20d3_3937_4436_93ac_4eb06f9e0a4e pour UUID 764a20d3-3937-4436-93ac-4eb06f9e0a4e
INFO 2025-07-19 11:54:56,385 middleware_hybrid 24816 43092 Tenant existant trouvé: tenant_764a20d3_3937_4436_93ac_4eb06f9e0a4e pour UUID 764a20d3-3937-4436-93ac-4eb06f9e0a4e
INFO 2025-07-19 11:54:56,386 middleware_hybrid 24816 43092 Tenant configuré: tenant_764a20d3_3937_4436_93ac_4eb06f9e0a4e pour UUID 764a20d3-3937-4436-93ac-4eb06f9e0a4e
INFO 2025-07-19 11:54:57,078 middleware_hybrid 24816 49216 Tenant existant trouvé: tenant_764a20d3_3937_4436_93ac_4eb06f9e0a4e pour UUID 764a20d3-3937-4436-93ac-4eb06f9e0a4e
INFO 2025-07-19 11:54:57,079 middleware_hybrid 24816 49216 Tenant configuré: tenant_764a20d3_3937_4436_93ac_4eb06f9e0a4e pour UUID 764a20d3-3937-4436-93ac-4eb06f9e0a4e
INFO 2025-07-19 11:54:57,447 middleware_hybrid 24816 44776 Tenant existant trouvé: tenant_764a20d3_3937_4436_93ac_4eb06f9e0a4e pour UUID 764a20d3-3937-4436-93ac-4eb06f9e0a4e
INFO 2025-07-19 11:54:57,447 middleware_hybrid 24816 44776 Tenant configuré: tenant_764a20d3_3937_4436_93ac_4eb06f9e0a4e pour UUID 764a20d3-3937-4436-93ac-4eb06f9e0a4e
INFO 2025-07-19 11:54:58,077 middleware_hybrid 24816 3460 Tenant existant trouvé: tenant_764a20d3_3937_4436_93ac_4eb06f9e0a4e pour UUID 764a20d3-3937-4436-93ac-4eb06f9e0a4e
INFO 2025-07-19 11:54:58,077 middleware_hybrid 24816 3460 Tenant configuré: tenant_764a20d3_3937_4436_93ac_4eb06f9e0a4e pour UUID 764a20d3-3937-4436-93ac-4eb06f9e0a4e
INFO 2025-07-19 11:55:06,000 middleware_hybrid 24816 46852 Tenant existant trouvé: tenant_764a20d3_3937_4436_93ac_4eb06f9e0a4e pour UUID 764a20d3-3937-4436-93ac-4eb06f9e0a4e
INFO 2025-07-19 11:55:06,001 middleware_hybrid 24816 46852 Tenant configuré: tenant_764a20d3_3937_4436_93ac_4eb06f9e0a4e pour UUID 764a20d3-3937-4436-93ac-4eb06f9e0a4e
INFO 2025-07-19 11:55:06,883 middleware_hybrid 24816 23900 Tenant existant trouvé: tenant_764a20d3_3937_4436_93ac_4eb06f9e0a4e pour UUID 764a20d3-3937-4436-93ac-4eb06f9e0a4e
INFO 2025-07-19 11:55:06,883 middleware_hybrid 24816 23900 Tenant configuré: tenant_764a20d3_3937_4436_93ac_4eb06f9e0a4e pour UUID 764a20d3-3937-4436-93ac-4eb06f9e0a4e
INFO 2025-07-19 11:55:06,997 middleware_hybrid 24816 10696 Tenant existant trouvé: tenant_764a20d3_3937_4436_93ac_4eb06f9e0a4e pour UUID 764a20d3-3937-4436-93ac-4eb06f9e0a4e
INFO 2025-07-19 11:55:06,997 middleware_hybrid 24816 10696 Tenant configuré: tenant_764a20d3_3937_4436_93ac_4eb06f9e0a4e pour UUID 764a20d3-3937-4436-93ac-4eb06f9e0a4e
INFO 2025-07-19 11:55:07,697 middleware_hybrid 24816 50080 Tenant existant trouvé: tenant_764a20d3_3937_4436_93ac_4eb06f9e0a4e pour UUID 764a20d3-3937-4436-93ac-4eb06f9e0a4e
INFO 2025-07-19 11:55:07,697 middleware_hybrid 24816 50080 Tenant configuré: tenant_764a20d3_3937_4436_93ac_4eb06f9e0a4e pour UUID 764a20d3-3937-4436-93ac-4eb06f9e0a4e
INFO 2025-07-19 11:55:57,411 middleware_hybrid 24816 49128 Tenant existant trouvé: tenant_764a20d3_3937_4436_93ac_4eb06f9e0a4e pour UUID 764a20d3-3937-4436-93ac-4eb06f9e0a4e
INFO 2025-07-19 11:55:57,411 middleware_hybrid 24816 49128 Tenant configuré: tenant_764a20d3_3937_4436_93ac_4eb06f9e0a4e pour UUID 764a20d3-3937-4436-93ac-4eb06f9e0a4e
INFO 2025-07-19 11:55:57,781 middleware_hybrid 24816 20728 Tenant existant trouvé: tenant_764a20d3_3937_4436_93ac_4eb06f9e0a4e pour UUID 764a20d3-3937-4436-93ac-4eb06f9e0a4e
INFO 2025-07-19 11:55:57,781 middleware_hybrid 24816 20728 Tenant configuré: tenant_764a20d3_3937_4436_93ac_4eb06f9e0a4e pour UUID 764a20d3-3937-4436-93ac-4eb06f9e0a4e
INFO 2025-07-19 11:55:58,106 middleware_hybrid 24816 47796 Tenant existant trouvé: tenant_764a20d3_3937_4436_93ac_4eb06f9e0a4e pour UUID 764a20d3-3937-4436-93ac-4eb06f9e0a4e
INFO 2025-07-19 11:55:58,106 middleware_hybrid 24816 47796 Tenant configuré: tenant_764a20d3_3937_4436_93ac_4eb06f9e0a4e pour UUID 764a20d3-3937-4436-93ac-4eb06f9e0a4e
INFO 2025-07-19 11:55:58,432 middleware_hybrid 24816 45404 Tenant existant trouvé: tenant_764a20d3_3937_4436_93ac_4eb06f9e0a4e pour UUID 764a20d3-3937-4436-93ac-4eb06f9e0a4e
INFO 2025-07-19 11:55:58,432 middleware_hybrid 24816 45404 Tenant configuré: tenant_764a20d3_3937_4436_93ac_4eb06f9e0a4e pour UUID 764a20d3-3937-4436-93ac-4eb06f9e0a4e
INFO 2025-07-19 11:55:58,771 middleware_hybrid 24816 11276 Tenant existant trouvé: tenant_764a20d3_3937_4436_93ac_4eb06f9e0a4e pour UUID 764a20d3-3937-4436-93ac-4eb06f9e0a4e
INFO 2025-07-19 11:55:58,772 middleware_hybrid 24816 11276 Tenant configuré: tenant_764a20d3_3937_4436_93ac_4eb06f9e0a4e pour UUID 764a20d3-3937-4436-93ac-4eb06f9e0a4e
INFO 2025-07-19 11:55:59,023 middleware_hybrid 24816 34936 Tenant existant trouvé: tenant_764a20d3_3937_4436_93ac_4eb06f9e0a4e pour UUID 764a20d3-3937-4436-93ac-4eb06f9e0a4e
INFO 2025-07-19 11:55:59,023 middleware_hybrid 24816 34936 Tenant configuré: tenant_764a20d3_3937_4436_93ac_4eb06f9e0a4e pour UUID 764a20d3-3937-4436-93ac-4eb06f9e0a4e
INFO 2025-07-19 14:07:53,128 middleware_hybrid 24816 45512 Tenant existant trouvé: tenant_764a20d3_3937_4436_93ac_4eb06f9e0a4e pour UUID 764a20d3-3937-4436-93ac-4eb06f9e0a4e
INFO 2025-07-19 14:07:53,128 middleware_hybrid 24816 13556 Tenant existant trouvé: tenant_764a20d3_3937_4436_93ac_4eb06f9e0a4e pour UUID 764a20d3-3937-4436-93ac-4eb06f9e0a4e
INFO 2025-07-19 14:07:53,130 middleware_hybrid 24816 45512 Tenant configuré: tenant_764a20d3_3937_4436_93ac_4eb06f9e0a4e pour UUID 764a20d3-3937-4436-93ac-4eb06f9e0a4e
INFO 2025-07-19 14:07:53,130 middleware_hybrid 24816 13556 Tenant configuré: tenant_764a20d3_3937_4436_93ac_4eb06f9e0a4e pour UUID 764a20d3-3937-4436-93ac-4eb06f9e0a4e
INFO 2025-07-19 14:07:53,818 middleware_hybrid 24816 43200 Tenant existant trouvé: tenant_764a20d3_3937_4436_93ac_4eb06f9e0a4e pour UUID 764a20d3-3937-4436-93ac-4eb06f9e0a4e
INFO 2025-07-19 14:07:53,819 middleware_hybrid 24816 43200 Tenant configuré: tenant_764a20d3_3937_4436_93ac_4eb06f9e0a4e pour UUID 764a20d3-3937-4436-93ac-4eb06f9e0a4e
INFO 2025-07-19 14:07:54,117 middleware_hybrid 24816 26760 Tenant existant trouvé: tenant_764a20d3_3937_4436_93ac_4eb06f9e0a4e pour UUID 764a20d3-3937-4436-93ac-4eb06f9e0a4e
INFO 2025-07-19 14:07:54,117 middleware_hybrid 24816 26760 Tenant configuré: tenant_764a20d3_3937_4436_93ac_4eb06f9e0a4e pour UUID 764a20d3-3937-4436-93ac-4eb06f9e0a4e
INFO 2025-07-19 14:07:54,464 middleware_hybrid 24816 36716 Tenant existant trouvé: tenant_764a20d3_3937_4436_93ac_4eb06f9e0a4e pour UUID 764a20d3-3937-4436-93ac-4eb06f9e0a4e
INFO 2025-07-19 14:07:54,464 middleware_hybrid 24816 36716 Tenant configuré: tenant_764a20d3_3937_4436_93ac_4eb06f9e0a4e pour UUID 764a20d3-3937-4436-93ac-4eb06f9e0a4e
INFO 2025-07-19 14:07:54,720 middleware_hybrid 24816 12400 Tenant existant trouvé: tenant_764a20d3_3937_4436_93ac_4eb06f9e0a4e pour UUID 764a20d3-3937-4436-93ac-4eb06f9e0a4e
INFO 2025-07-19 14:07:54,720 middleware_hybrid 24816 12400 Tenant configuré: tenant_764a20d3_3937_4436_93ac_4eb06f9e0a4e pour UUID 764a20d3-3937-4436-93ac-4eb06f9e0a4e
INFO 2025-07-19 14:08:01,692 middleware_hybrid 24816 9620 Tenant existant trouvé: tenant_764a20d3_3937_4436_93ac_4eb06f9e0a4e pour UUID 764a20d3-3937-4436-93ac-4eb06f9e0a4e
INFO 2025-07-19 14:08:01,692 middleware_hybrid 24816 31712 Tenant existant trouvé: tenant_764a20d3_3937_4436_93ac_4eb06f9e0a4e pour UUID 764a20d3-3937-4436-93ac-4eb06f9e0a4e
INFO 2025-07-19 14:08:01,692 middleware_hybrid 24816 9620 Tenant configuré: tenant_764a20d3_3937_4436_93ac_4eb06f9e0a4e pour UUID 764a20d3-3937-4436-93ac-4eb06f9e0a4e
INFO 2025-07-19 14:08:01,692 middleware_hybrid 24816 31712 Tenant configuré: tenant_764a20d3_3937_4436_93ac_4eb06f9e0a4e pour UUID 764a20d3-3937-4436-93ac-4eb06f9e0a4e
INFO 2025-07-19 14:08:02,258 middleware_hybrid 24816 9048 Tenant existant trouvé: tenant_764a20d3_3937_4436_93ac_4eb06f9e0a4e pour UUID 764a20d3-3937-4436-93ac-4eb06f9e0a4e
INFO 2025-07-19 14:08:02,258 middleware_hybrid 24816 9048 Tenant configuré: tenant_764a20d3_3937_4436_93ac_4eb06f9e0a4e pour UUID 764a20d3-3937-4436-93ac-4eb06f9e0a4e
INFO 2025-07-19 14:08:02,570 middleware_hybrid 24816 7132 Tenant existant trouvé: tenant_764a20d3_3937_4436_93ac_4eb06f9e0a4e pour UUID 764a20d3-3937-4436-93ac-4eb06f9e0a4e
INFO 2025-07-19 14:08:02,570 middleware_hybrid 24816 7132 Tenant configuré: tenant_764a20d3_3937_4436_93ac_4eb06f9e0a4e pour UUID 764a20d3-3937-4436-93ac-4eb06f9e0a4e
INFO 2025-07-19 14:08:03,138 middleware_hybrid 24816 36460 Tenant existant trouvé: tenant_764a20d3_3937_4436_93ac_4eb06f9e0a4e pour UUID 764a20d3-3937-4436-93ac-4eb06f9e0a4e
INFO 2025-07-19 14:08:03,138 middleware_hybrid 24816 36460 Tenant configuré: tenant_764a20d3_3937_4436_93ac_4eb06f9e0a4e pour UUID 764a20d3-3937-4436-93ac-4eb06f9e0a4e
INFO 2025-07-19 14:08:03,407 middleware_hybrid 24816 35944 Tenant existant trouvé: tenant_764a20d3_3937_4436_93ac_4eb06f9e0a4e pour UUID 764a20d3-3937-4436-93ac-4eb06f9e0a4e
INFO 2025-07-19 14:08:03,407 middleware_hybrid 24816 35944 Tenant configuré: tenant_764a20d3_3937_4436_93ac_4eb06f9e0a4e pour UUID 764a20d3-3937-4436-93ac-4eb06f9e0a4e
INFO 2025-07-19 14:10:38,909 middleware_hybrid 24816 17380 Création automatique du tenant pour UUID e6b740c5-dba2-4343-a381-8fc56c56c9ed
ERROR 2025-07-19 14:10:39,263 middleware_hybrid 24816 17380 Erreur lors de la création du tenant e6b740c5-dba2-4343-a381-8fc56c56c9ed: ERREUR:  la transaction est annulée, les commandes sont ignorées jusqu'à la fin du bloc
de la transaction

INFO 2025-07-19 14:27:00,000 middleware_hybrid 29760 39248 Création automatique du tenant pour UUID e6b740c5-dba2-4343-a381-8fc56c56c9ed
ERROR 2025-07-19 14:27:00,333 middleware_hybrid 29760 39248 Erreur lors de la création du tenant e6b740c5-dba2-4343-a381-8fc56c56c9ed: ERREUR:  la transaction est annulée, les commandes sont ignorées jusqu'à la fin du bloc
de la transaction

INFO 2025-07-19 14:27:33,911 middleware_hybrid 29760 41528 Création automatique du tenant pour UUID e6b740c5-dba2-4343-a381-8fc56c56c9ed
ERROR 2025-07-19 14:27:34,130 middleware_hybrid 29760 41528 Erreur lors de la création du tenant e6b740c5-dba2-4343-a381-8fc56c56c9ed: ERREUR:  la transaction est annulée, les commandes sont ignorées jusqu'à la fin du bloc
de la transaction

INFO 2025-07-19 14:28:25,244 middleware_hybrid 29760 9732 Tenant existant trouvé: tenant_764a20d3_3937_4436_93ac_4eb06f9e0a4e pour UUID 764a20d3-3937-4436-93ac-4eb06f9e0a4e
INFO 2025-07-19 14:28:25,245 middleware_hybrid 29760 9732 Tenant configuré: tenant_764a20d3_3937_4436_93ac_4eb06f9e0a4e pour UUID 764a20d3-3937-4436-93ac-4eb06f9e0a4e
INFO 2025-07-19 14:28:26,201 middleware_hybrid 29760 35272 Tenant existant trouvé: tenant_764a20d3_3937_4436_93ac_4eb06f9e0a4e pour UUID 764a20d3-3937-4436-93ac-4eb06f9e0a4e
INFO 2025-07-19 14:28:26,201 middleware_hybrid 29760 35272 Tenant configuré: tenant_764a20d3_3937_4436_93ac_4eb06f9e0a4e pour UUID 764a20d3-3937-4436-93ac-4eb06f9e0a4e
INFO 2025-07-19 14:32:32,274 middleware_hybrid 3096 18160 Tenant existant trouvé: tenant_764a20d3_3937_4436_93ac_4eb06f9e0a4e pour UUID 764a20d3-3937-4436-93ac-4eb06f9e0a4e
INFO 2025-07-19 14:32:32,274 middleware_hybrid 3096 18160 Tenant configuré: tenant_764a20d3_3937_4436_93ac_4eb06f9e0a4e pour UUID 764a20d3-3937-4436-93ac-4eb06f9e0a4e
INFO 2025-07-19 14:32:32,931 middleware_hybrid 3096 16716 Tenant existant trouvé: tenant_764a20d3_3937_4436_93ac_4eb06f9e0a4e pour UUID 764a20d3-3937-4436-93ac-4eb06f9e0a4e
INFO 2025-07-19 14:32:32,931 middleware_hybrid 3096 16716 Tenant configuré: tenant_764a20d3_3937_4436_93ac_4eb06f9e0a4e pour UUID 764a20d3-3937-4436-93ac-4eb06f9e0a4e
INFO 2025-07-19 14:41:09,741 middleware_hybrid 47672 45536 Tenant existant trouvé: tenant_764a20d3_3937_4436_93ac_4eb06f9e0a4e pour UUID 764a20d3-3937-4436-93ac-4eb06f9e0a4e
INFO 2025-07-19 14:41:09,741 middleware_hybrid 47672 45536 Tenant configuré: tenant_764a20d3_3937_4436_93ac_4eb06f9e0a4e pour UUID 764a20d3-3937-4436-93ac-4eb06f9e0a4e
INFO 2025-07-19 14:41:10,329 middleware_hybrid 47672 14588 Tenant existant trouvé: tenant_764a20d3_3937_4436_93ac_4eb06f9e0a4e pour UUID 764a20d3-3937-4436-93ac-4eb06f9e0a4e
INFO 2025-07-19 14:41:10,329 middleware_hybrid 47672 14588 Tenant configuré: tenant_764a20d3_3937_4436_93ac_4eb06f9e0a4e pour UUID 764a20d3-3937-4436-93ac-4eb06f9e0a4e
INFO 2025-07-19 14:41:10,594 middleware_hybrid 47672 8768 Tenant existant trouvé: tenant_764a20d3_3937_4436_93ac_4eb06f9e0a4e pour UUID 764a20d3-3937-4436-93ac-4eb06f9e0a4e
INFO 2025-07-19 14:41:10,594 middleware_hybrid 47672 8768 Tenant configuré: tenant_764a20d3_3937_4436_93ac_4eb06f9e0a4e pour UUID 764a20d3-3937-4436-93ac-4eb06f9e0a4e
INFO 2025-07-19 14:41:11,305 middleware_hybrid 47672 26124 Tenant existant trouvé: tenant_764a20d3_3937_4436_93ac_4eb06f9e0a4e pour UUID 764a20d3-3937-4436-93ac-4eb06f9e0a4e
INFO 2025-07-19 14:41:11,305 middleware_hybrid 47672 26124 Tenant configuré: tenant_764a20d3_3937_4436_93ac_4eb06f9e0a4e pour UUID 764a20d3-3937-4436-93ac-4eb06f9e0a4e
INFO 2025-07-19 14:45:46,925 middleware_hybrid 47672 22192 Tenant existant trouvé: tenant_764a20d3_3937_4436_93ac_4eb06f9e0a4e pour UUID 764a20d3-3937-4436-93ac-4eb06f9e0a4e
INFO 2025-07-19 14:45:46,926 middleware_hybrid 47672 22192 Tenant configuré: tenant_764a20d3_3937_4436_93ac_4eb06f9e0a4e pour UUID 764a20d3-3937-4436-93ac-4eb06f9e0a4e
INFO 2025-07-19 14:45:47,765 middleware_hybrid 47672 31188 Tenant existant trouvé: tenant_764a20d3_3937_4436_93ac_4eb06f9e0a4e pour UUID 764a20d3-3937-4436-93ac-4eb06f9e0a4e
INFO 2025-07-19 14:45:47,766 middleware_hybrid 47672 31188 Tenant configuré: tenant_764a20d3_3937_4436_93ac_4eb06f9e0a4e pour UUID 764a20d3-3937-4436-93ac-4eb06f9e0a4e
INFO 2025-07-19 14:45:47,877 middleware_hybrid 47672 42932 Tenant existant trouvé: tenant_764a20d3_3937_4436_93ac_4eb06f9e0a4e pour UUID 764a20d3-3937-4436-93ac-4eb06f9e0a4e
INFO 2025-07-19 14:45:47,878 middleware_hybrid 47672 42932 Tenant configuré: tenant_764a20d3_3937_4436_93ac_4eb06f9e0a4e pour UUID 764a20d3-3937-4436-93ac-4eb06f9e0a4e
INFO 2025-07-19 14:45:48,456 middleware_hybrid 47672 36112 Tenant existant trouvé: tenant_764a20d3_3937_4436_93ac_4eb06f9e0a4e pour UUID 764a20d3-3937-4436-93ac-4eb06f9e0a4e
INFO 2025-07-19 14:45:48,457 middleware_hybrid 47672 36112 Tenant configuré: tenant_764a20d3_3937_4436_93ac_4eb06f9e0a4e pour UUID 764a20d3-3937-4436-93ac-4eb06f9e0a4e
INFO 2025-07-19 18:58:23,098 middleware_hybrid 24168 22632 Tenant existant trouvé: tenant_764a20d3_3937_4436_93ac_4eb06f9e0a4e pour UUID 764a20d3-3937-4436-93ac-4eb06f9e0a4e
INFO 2025-07-19 18:58:23,102 middleware_hybrid 24168 22632 Tenant configuré: tenant_764a20d3_3937_4436_93ac_4eb06f9e0a4e pour UUID 764a20d3-3937-4436-93ac-4eb06f9e0a4e
INFO 2025-07-19 18:58:23,978 middleware_hybrid 24168 34152 Tenant existant trouvé: tenant_764a20d3_3937_4436_93ac_4eb06f9e0a4e pour UUID 764a20d3-3937-4436-93ac-4eb06f9e0a4e
INFO 2025-07-19 18:58:23,978 middleware_hybrid 24168 34152 Tenant configuré: tenant_764a20d3_3937_4436_93ac_4eb06f9e0a4e pour UUID 764a20d3-3937-4436-93ac-4eb06f9e0a4e
INFO 2025-07-19 18:58:24,205 middleware_hybrid 24168 41456 Tenant existant trouvé: tenant_764a20d3_3937_4436_93ac_4eb06f9e0a4e pour UUID 764a20d3-3937-4436-93ac-4eb06f9e0a4e
INFO 2025-07-19 18:58:24,206 middleware_hybrid 24168 41456 Tenant configuré: tenant_764a20d3_3937_4436_93ac_4eb06f9e0a4e pour UUID 764a20d3-3937-4436-93ac-4eb06f9e0a4e
INFO 2025-07-19 18:58:24,896 middleware_hybrid 24168 43416 Tenant existant trouvé: tenant_764a20d3_3937_4436_93ac_4eb06f9e0a4e pour UUID 764a20d3-3937-4436-93ac-4eb06f9e0a4e
INFO 2025-07-19 18:58:24,897 middleware_hybrid 24168 43416 Tenant configuré: tenant_764a20d3_3937_4436_93ac_4eb06f9e0a4e pour UUID 764a20d3-3937-4436-93ac-4eb06f9e0a4e
INFO 2025-07-19 20:23:36,431 middleware_hybrid 24168 11576 Tenant existant trouvé: tenant_764a20d3_3937_4436_93ac_4eb06f9e0a4e pour UUID 764a20d3-3937-4436-93ac-4eb06f9e0a4e
INFO 2025-07-19 20:23:36,433 middleware_hybrid 24168 11576 Tenant configuré: tenant_764a20d3_3937_4436_93ac_4eb06f9e0a4e pour UUID 764a20d3-3937-4436-93ac-4eb06f9e0a4e
INFO 2025-07-19 20:23:37,040 middleware_hybrid 24168 45708 Tenant existant trouvé: tenant_764a20d3_3937_4436_93ac_4eb06f9e0a4e pour UUID 764a20d3-3937-4436-93ac-4eb06f9e0a4e
INFO 2025-07-19 20:23:37,041 middleware_hybrid 24168 45708 Tenant configuré: tenant_764a20d3_3937_4436_93ac_4eb06f9e0a4e pour UUID 764a20d3-3937-4436-93ac-4eb06f9e0a4e
INFO 2025-07-19 20:25:48,741 middleware_hybrid 24168 20136 Tenant existant trouvé: tenant_764a20d3_3937_4436_93ac_4eb06f9e0a4e pour UUID 764a20d3-3937-4436-93ac-4eb06f9e0a4e
INFO 2025-07-19 20:25:48,741 middleware_hybrid 24168 20136 Tenant configuré: tenant_764a20d3_3937_4436_93ac_4eb06f9e0a4e pour UUID 764a20d3-3937-4436-93ac-4eb06f9e0a4e
INFO 2025-07-19 20:25:49,424 middleware_hybrid 24168 3592 Tenant existant trouvé: tenant_764a20d3_3937_4436_93ac_4eb06f9e0a4e pour UUID 764a20d3-3937-4436-93ac-4eb06f9e0a4e
INFO 2025-07-19 20:25:49,425 middleware_hybrid 24168 3592 Tenant configuré: tenant_764a20d3_3937_4436_93ac_4eb06f9e0a4e pour UUID 764a20d3-3937-4436-93ac-4eb06f9e0a4e
INFO 2025-07-19 20:28:45,082 middleware_hybrid 24168 25536 Tenant existant trouvé: tenant_764a20d3_3937_4436_93ac_4eb06f9e0a4e pour UUID 764a20d3-3937-4436-93ac-4eb06f9e0a4e
INFO 2025-07-19 20:28:45,083 middleware_hybrid 24168 25536 Tenant configuré: tenant_764a20d3_3937_4436_93ac_4eb06f9e0a4e pour UUID 764a20d3-3937-4436-93ac-4eb06f9e0a4e
INFO 2025-07-19 20:28:45,857 middleware_hybrid 24168 30072 Tenant existant trouvé: tenant_764a20d3_3937_4436_93ac_4eb06f9e0a4e pour UUID 764a20d3-3937-4436-93ac-4eb06f9e0a4e
INFO 2025-07-19 20:28:45,858 middleware_hybrid 24168 30072 Tenant configuré: tenant_764a20d3_3937_4436_93ac_4eb06f9e0a4e pour UUID 764a20d3-3937-4436-93ac-4eb06f9e0a4e
INFO 2025-07-19 20:29:22,736 middleware_hybrid 24168 39932 Tenant existant trouvé: tenant_764a20d3_3937_4436_93ac_4eb06f9e0a4e pour UUID 764a20d3-3937-4436-93ac-4eb06f9e0a4e
INFO 2025-07-19 20:29:22,736 middleware_hybrid 24168 39932 Tenant configuré: tenant_764a20d3_3937_4436_93ac_4eb06f9e0a4e pour UUID 764a20d3-3937-4436-93ac-4eb06f9e0a4e
INFO 2025-07-19 20:29:22,858 middleware_hybrid 24168 49476 Tenant existant trouvé: tenant_764a20d3_3937_4436_93ac_4eb06f9e0a4e pour UUID 764a20d3-3937-4436-93ac-4eb06f9e0a4e
INFO 2025-07-19 20:29:22,859 middleware_hybrid 24168 49476 Tenant configuré: tenant_764a20d3_3937_4436_93ac_4eb06f9e0a4e pour UUID 764a20d3-3937-4436-93ac-4eb06f9e0a4e
INFO 2025-07-19 20:29:23,345 middleware_hybrid 24168 49744 Tenant existant trouvé: tenant_764a20d3_3937_4436_93ac_4eb06f9e0a4e pour UUID 764a20d3-3937-4436-93ac-4eb06f9e0a4e
INFO 2025-07-19 20:29:23,345 middleware_hybrid 24168 49744 Tenant configuré: tenant_764a20d3_3937_4436_93ac_4eb06f9e0a4e pour UUID 764a20d3-3937-4436-93ac-4eb06f9e0a4e
INFO 2025-07-19 20:29:23,718 middleware_hybrid 24168 29584 Tenant existant trouvé: tenant_764a20d3_3937_4436_93ac_4eb06f9e0a4e pour UUID 764a20d3-3937-4436-93ac-4eb06f9e0a4e
INFO 2025-07-19 20:29:23,719 middleware_hybrid 24168 29584 Tenant configuré: tenant_764a20d3_3937_4436_93ac_4eb06f9e0a4e pour UUID 764a20d3-3937-4436-93ac-4eb06f9e0a4e
INFO 2025-07-19 20:29:24,074 middleware_hybrid 24168 10460 Tenant existant trouvé: tenant_764a20d3_3937_4436_93ac_4eb06f9e0a4e pour UUID 764a20d3-3937-4436-93ac-4eb06f9e0a4e
INFO 2025-07-19 20:29:24,075 middleware_hybrid 24168 10460 Tenant configuré: tenant_764a20d3_3937_4436_93ac_4eb06f9e0a4e pour UUID 764a20d3-3937-4436-93ac-4eb06f9e0a4e
INFO 2025-07-19 20:29:24,309 middleware_hybrid 24168 8096 Tenant existant trouvé: tenant_764a20d3_3937_4436_93ac_4eb06f9e0a4e pour UUID 764a20d3-3937-4436-93ac-4eb06f9e0a4e
INFO 2025-07-19 20:29:24,310 middleware_hybrid 24168 8096 Tenant configuré: tenant_764a20d3_3937_4436_93ac_4eb06f9e0a4e pour UUID 764a20d3-3937-4436-93ac-4eb06f9e0a4e
INFO 2025-07-19 20:29:35,839 middleware_hybrid 24168 31516 Tenant existant trouvé: tenant_764a20d3_3937_4436_93ac_4eb06f9e0a4e pour UUID 764a20d3-3937-4436-93ac-4eb06f9e0a4e
INFO 2025-07-19 20:29:35,840 middleware_hybrid 24168 31516 Tenant configuré: tenant_764a20d3_3937_4436_93ac_4eb06f9e0a4e pour UUID 764a20d3-3937-4436-93ac-4eb06f9e0a4e
INFO 2025-07-19 20:30:49,819 middleware_hybrid 24168 49232 Tenant existant trouvé: tenant_764a20d3_3937_4436_93ac_4eb06f9e0a4e pour UUID 764a20d3-3937-4436-93ac-4eb06f9e0a4e
INFO 2025-07-19 20:30:49,820 middleware_hybrid 24168 28540 Tenant existant trouvé: tenant_764a20d3_3937_4436_93ac_4eb06f9e0a4e pour UUID 764a20d3-3937-4436-93ac-4eb06f9e0a4e
INFO 2025-07-19 20:30:49,820 middleware_hybrid 24168 49232 Tenant configuré: tenant_764a20d3_3937_4436_93ac_4eb06f9e0a4e pour UUID 764a20d3-3937-4436-93ac-4eb06f9e0a4e
INFO 2025-07-19 20:30:49,820 middleware_hybrid 24168 28540 Tenant configuré: tenant_764a20d3_3937_4436_93ac_4eb06f9e0a4e pour UUID 764a20d3-3937-4436-93ac-4eb06f9e0a4e
INFO 2025-07-19 20:30:50,663 middleware_hybrid 24168 28420 Tenant existant trouvé: tenant_764a20d3_3937_4436_93ac_4eb06f9e0a4e pour UUID 764a20d3-3937-4436-93ac-4eb06f9e0a4e
INFO 2025-07-19 20:30:50,663 middleware_hybrid 24168 28420 Tenant configuré: tenant_764a20d3_3937_4436_93ac_4eb06f9e0a4e pour UUID 764a20d3-3937-4436-93ac-4eb06f9e0a4e
INFO 2025-07-19 20:30:50,978 middleware_hybrid 24168 33332 Tenant existant trouvé: tenant_764a20d3_3937_4436_93ac_4eb06f9e0a4e pour UUID 764a20d3-3937-4436-93ac-4eb06f9e0a4e
INFO 2025-07-19 20:30:50,978 middleware_hybrid 24168 33332 Tenant configuré: tenant_764a20d3_3937_4436_93ac_4eb06f9e0a4e pour UUID 764a20d3-3937-4436-93ac-4eb06f9e0a4e
INFO 2025-07-19 20:30:51,460 middleware_hybrid 24168 15760 Tenant existant trouvé: tenant_764a20d3_3937_4436_93ac_4eb06f9e0a4e pour UUID 764a20d3-3937-4436-93ac-4eb06f9e0a4e
INFO 2025-07-19 20:30:51,460 middleware_hybrid 24168 15760 Tenant configuré: tenant_764a20d3_3937_4436_93ac_4eb06f9e0a4e pour UUID 764a20d3-3937-4436-93ac-4eb06f9e0a4e
INFO 2025-07-19 20:30:51,552 middleware_hybrid 24168 32024 Tenant existant trouvé: tenant_764a20d3_3937_4436_93ac_4eb06f9e0a4e pour UUID 764a20d3-3937-4436-93ac-4eb06f9e0a4e
INFO 2025-07-19 20:30:51,553 middleware_hybrid 24168 32024 Tenant configuré: tenant_764a20d3_3937_4436_93ac_4eb06f9e0a4e pour UUID 764a20d3-3937-4436-93ac-4eb06f9e0a4e
INFO 2025-07-19 20:31:06,481 middleware_hybrid 24168 23792 Tenant existant trouvé: tenant_764a20d3_3937_4436_93ac_4eb06f9e0a4e pour UUID 764a20d3-3937-4436-93ac-4eb06f9e0a4e
INFO 2025-07-19 20:31:06,482 middleware_hybrid 24168 23792 Tenant configuré: tenant_764a20d3_3937_4436_93ac_4eb06f9e0a4e pour UUID 764a20d3-3937-4436-93ac-4eb06f9e0a4e
INFO 2025-07-19 20:31:07,415 middleware_hybrid 24168 46484 Tenant existant trouvé: tenant_764a20d3_3937_4436_93ac_4eb06f9e0a4e pour UUID 764a20d3-3937-4436-93ac-4eb06f9e0a4e
INFO 2025-07-19 20:31:07,415 middleware_hybrid 24168 46484 Tenant configuré: tenant_764a20d3_3937_4436_93ac_4eb06f9e0a4e pour UUID 764a20d3-3937-4436-93ac-4eb06f9e0a4e
INFO 2025-07-19 20:31:11,318 middleware_hybrid 24168 24136 Tenant existant trouvé: tenant_764a20d3_3937_4436_93ac_4eb06f9e0a4e pour UUID 764a20d3-3937-4436-93ac-4eb06f9e0a4e
INFO 2025-07-19 20:31:11,318 middleware_hybrid 24168 24136 Tenant configuré: tenant_764a20d3_3937_4436_93ac_4eb06f9e0a4e pour UUID 764a20d3-3937-4436-93ac-4eb06f9e0a4e
INFO 2025-07-19 20:31:12,646 middleware_hybrid 24168 19368 Tenant existant trouvé: tenant_764a20d3_3937_4436_93ac_4eb06f9e0a4e pour UUID 764a20d3-3937-4436-93ac-4eb06f9e0a4e
INFO 2025-07-19 20:31:12,647 middleware_hybrid 24168 19368 Tenant configuré: tenant_764a20d3_3937_4436_93ac_4eb06f9e0a4e pour UUID 764a20d3-3937-4436-93ac-4eb06f9e0a4e
INFO 2025-07-19 20:31:14,267 middleware_hybrid 24168 28408 Tenant existant trouvé: tenant_764a20d3_3937_4436_93ac_4eb06f9e0a4e pour UUID 764a20d3-3937-4436-93ac-4eb06f9e0a4e
INFO 2025-07-19 20:31:14,268 middleware_hybrid 24168 28408 Tenant configuré: tenant_764a20d3_3937_4436_93ac_4eb06f9e0a4e pour UUID 764a20d3-3937-4436-93ac-4eb06f9e0a4e
INFO 2025-07-19 20:31:16,150 middleware_hybrid 24168 31080 Tenant existant trouvé: tenant_764a20d3_3937_4436_93ac_4eb06f9e0a4e pour UUID 764a20d3-3937-4436-93ac-4eb06f9e0a4e
INFO 2025-07-19 20:31:16,150 middleware_hybrid 24168 31080 Tenant configuré: tenant_764a20d3_3937_4436_93ac_4eb06f9e0a4e pour UUID 764a20d3-3937-4436-93ac-4eb06f9e0a4e
INFO 2025-07-19 20:31:16,153 middleware_hybrid 24168 14324 Tenant existant trouvé: tenant_764a20d3_3937_4436_93ac_4eb06f9e0a4e pour UUID 764a20d3-3937-4436-93ac-4eb06f9e0a4e
INFO 2025-07-19 20:31:16,153 middleware_hybrid 24168 14324 Tenant configuré: tenant_764a20d3_3937_4436_93ac_4eb06f9e0a4e pour UUID 764a20d3-3937-4436-93ac-4eb06f9e0a4e
INFO 2025-07-19 20:31:16,427 middleware_hybrid 24168 19460 Tenant existant trouvé: tenant_764a20d3_3937_4436_93ac_4eb06f9e0a4e pour UUID 764a20d3-3937-4436-93ac-4eb06f9e0a4e
INFO 2025-07-19 20:31:16,427 middleware_hybrid 24168 19460 Tenant configuré: tenant_764a20d3_3937_4436_93ac_4eb06f9e0a4e pour UUID 764a20d3-3937-4436-93ac-4eb06f9e0a4e
INFO 2025-07-19 20:31:18,467 middleware_hybrid 24168 50100 Tenant existant trouvé: tenant_764a20d3_3937_4436_93ac_4eb06f9e0a4e pour UUID 764a20d3-3937-4436-93ac-4eb06f9e0a4e
INFO 2025-07-19 20:31:18,467 middleware_hybrid 24168 11352 Tenant existant trouvé: tenant_764a20d3_3937_4436_93ac_4eb06f9e0a4e pour UUID 764a20d3-3937-4436-93ac-4eb06f9e0a4e
INFO 2025-07-19 20:31:18,468 middleware_hybrid 24168 50100 Tenant configuré: tenant_764a20d3_3937_4436_93ac_4eb06f9e0a4e pour UUID 764a20d3-3937-4436-93ac-4eb06f9e0a4e
INFO 2025-07-19 20:31:18,468 middleware_hybrid 24168 11352 Tenant configuré: tenant_764a20d3_3937_4436_93ac_4eb06f9e0a4e pour UUID 764a20d3-3937-4436-93ac-4eb06f9e0a4e
INFO 2025-07-19 20:31:23,168 middleware_hybrid 24168 24152 Tenant existant trouvé: tenant_764a20d3_3937_4436_93ac_4eb06f9e0a4e pour UUID 764a20d3-3937-4436-93ac-4eb06f9e0a4e
INFO 2025-07-19 20:31:23,169 middleware_hybrid 24168 24152 Tenant configuré: tenant_764a20d3_3937_4436_93ac_4eb06f9e0a4e pour UUID 764a20d3-3937-4436-93ac-4eb06f9e0a4e
INFO 2025-07-19 20:31:23,429 middleware_hybrid 24168 24484 Tenant existant trouvé: tenant_764a20d3_3937_4436_93ac_4eb06f9e0a4e pour UUID 764a20d3-3937-4436-93ac-4eb06f9e0a4e
INFO 2025-07-19 20:31:23,429 middleware_hybrid 24168 24484 Tenant configuré: tenant_764a20d3_3937_4436_93ac_4eb06f9e0a4e pour UUID 764a20d3-3937-4436-93ac-4eb06f9e0a4e
INFO 2025-07-19 20:31:23,436 middleware_hybrid 24168 24796 Tenant existant trouvé: tenant_764a20d3_3937_4436_93ac_4eb06f9e0a4e pour UUID 764a20d3-3937-4436-93ac-4eb06f9e0a4e
INFO 2025-07-19 20:31:23,437 middleware_hybrid 24168 24796 Tenant configuré: tenant_764a20d3_3937_4436_93ac_4eb06f9e0a4e pour UUID 764a20d3-3937-4436-93ac-4eb06f9e0a4e
INFO 2025-07-19 20:31:26,795 middleware_hybrid 24168 44432 Tenant existant trouvé: tenant_764a20d3_3937_4436_93ac_4eb06f9e0a4e pour UUID 764a20d3-3937-4436-93ac-4eb06f9e0a4e
INFO 2025-07-19 20:31:26,795 middleware_hybrid 24168 44432 Tenant configuré: tenant_764a20d3_3937_4436_93ac_4eb06f9e0a4e pour UUID 764a20d3-3937-4436-93ac-4eb06f9e0a4e
INFO 2025-07-19 20:31:26,795 middleware_hybrid 24168 10120 Tenant existant trouvé: tenant_764a20d3_3937_4436_93ac_4eb06f9e0a4e pour UUID 764a20d3-3937-4436-93ac-4eb06f9e0a4e
INFO 2025-07-19 20:31:26,796 middleware_hybrid 24168 10120 Tenant configuré: tenant_764a20d3_3937_4436_93ac_4eb06f9e0a4e pour UUID 764a20d3-3937-4436-93ac-4eb06f9e0a4e
INFO 2025-07-19 20:31:27,450 middleware_hybrid 24168 43416 Tenant existant trouvé: tenant_764a20d3_3937_4436_93ac_4eb06f9e0a4e pour UUID 764a20d3-3937-4436-93ac-4eb06f9e0a4e
INFO 2025-07-19 20:31:27,451 middleware_hybrid 24168 43416 Tenant configuré: tenant_764a20d3_3937_4436_93ac_4eb06f9e0a4e pour UUID 764a20d3-3937-4436-93ac-4eb06f9e0a4e
INFO 2025-07-19 20:31:27,771 middleware_hybrid 24168 4724 Tenant existant trouvé: tenant_764a20d3_3937_4436_93ac_4eb06f9e0a4e pour UUID 764a20d3-3937-4436-93ac-4eb06f9e0a4e
INFO 2025-07-19 20:31:27,771 middleware_hybrid 24168 4724 Tenant configuré: tenant_764a20d3_3937_4436_93ac_4eb06f9e0a4e pour UUID 764a20d3-3937-4436-93ac-4eb06f9e0a4e
INFO 2025-07-19 20:31:28,095 middleware_hybrid 24168 45260 Tenant existant trouvé: tenant_764a20d3_3937_4436_93ac_4eb06f9e0a4e pour UUID 764a20d3-3937-4436-93ac-4eb06f9e0a4e
INFO 2025-07-19 20:31:28,095 middleware_hybrid 24168 45260 Tenant configuré: tenant_764a20d3_3937_4436_93ac_4eb06f9e0a4e pour UUID 764a20d3-3937-4436-93ac-4eb06f9e0a4e
INFO 2025-07-19 20:31:28,451 middleware_hybrid 24168 34640 Tenant existant trouvé: tenant_764a20d3_3937_4436_93ac_4eb06f9e0a4e pour UUID 764a20d3-3937-4436-93ac-4eb06f9e0a4e
INFO 2025-07-19 20:31:28,451 middleware_hybrid 24168 34640 Tenant configuré: tenant_764a20d3_3937_4436_93ac_4eb06f9e0a4e pour UUID 764a20d3-3937-4436-93ac-4eb06f9e0a4e
INFO 2025-07-19 20:31:49,148 middleware_hybrid 24168 47824 Tenant existant trouvé: tenant_764a20d3_3937_4436_93ac_4eb06f9e0a4e pour UUID 764a20d3-3937-4436-93ac-4eb06f9e0a4e
INFO 2025-07-19 20:31:49,148 middleware_hybrid 24168 47824 Tenant configuré: tenant_764a20d3_3937_4436_93ac_4eb06f9e0a4e pour UUID 764a20d3-3937-4436-93ac-4eb06f9e0a4e
INFO 2025-07-19 20:31:52,008 middleware_hybrid 24168 45244 Tenant existant trouvé: tenant_764a20d3_3937_4436_93ac_4eb06f9e0a4e pour UUID 764a20d3-3937-4436-93ac-4eb06f9e0a4e
INFO 2025-07-19 20:31:52,008 middleware_hybrid 24168 46900 Tenant existant trouvé: tenant_764a20d3_3937_4436_93ac_4eb06f9e0a4e pour UUID 764a20d3-3937-4436-93ac-4eb06f9e0a4e
INFO 2025-07-19 20:31:52,008 middleware_hybrid 24168 45244 Tenant configuré: tenant_764a20d3_3937_4436_93ac_4eb06f9e0a4e pour UUID 764a20d3-3937-4436-93ac-4eb06f9e0a4e
INFO 2025-07-19 20:31:52,009 middleware_hybrid 24168 46900 Tenant configuré: tenant_764a20d3_3937_4436_93ac_4eb06f9e0a4e pour UUID 764a20d3-3937-4436-93ac-4eb06f9e0a4e
INFO 2025-07-19 20:31:52,274 middleware_hybrid 24168 21364 Tenant existant trouvé: tenant_764a20d3_3937_4436_93ac_4eb06f9e0a4e pour UUID 764a20d3-3937-4436-93ac-4eb06f9e0a4e
INFO 2025-07-19 20:31:52,274 middleware_hybrid 24168 21364 Tenant configuré: tenant_764a20d3_3937_4436_93ac_4eb06f9e0a4e pour UUID 764a20d3-3937-4436-93ac-4eb06f9e0a4e
INFO 2025-07-19 20:31:52,387 middleware_hybrid 24168 35372 Tenant existant trouvé: tenant_764a20d3_3937_4436_93ac_4eb06f9e0a4e pour UUID 764a20d3-3937-4436-93ac-4eb06f9e0a4e
INFO 2025-07-19 20:31:52,387 middleware_hybrid 24168 35372 Tenant configuré: tenant_764a20d3_3937_4436_93ac_4eb06f9e0a4e pour UUID 764a20d3-3937-4436-93ac-4eb06f9e0a4e
INFO 2025-07-19 20:32:26,826 middleware_hybrid 24168 47324 Tenant existant trouvé: tenant_764a20d3_3937_4436_93ac_4eb06f9e0a4e pour UUID 764a20d3-3937-4436-93ac-4eb06f9e0a4e
INFO 2025-07-19 20:32:26,826 middleware_hybrid 24168 47324 Tenant configuré: tenant_764a20d3_3937_4436_93ac_4eb06f9e0a4e pour UUID 764a20d3-3937-4436-93ac-4eb06f9e0a4e
INFO 2025-07-19 20:32:26,829 middleware_hybrid 24168 11664 Tenant existant trouvé: tenant_764a20d3_3937_4436_93ac_4eb06f9e0a4e pour UUID 764a20d3-3937-4436-93ac-4eb06f9e0a4e
INFO 2025-07-19 20:32:26,830 middleware_hybrid 24168 11664 Tenant configuré: tenant_764a20d3_3937_4436_93ac_4eb06f9e0a4e pour UUID 764a20d3-3937-4436-93ac-4eb06f9e0a4e
INFO 2025-07-19 20:32:27,482 middleware_hybrid 24168 9576 Tenant existant trouvé: tenant_764a20d3_3937_4436_93ac_4eb06f9e0a4e pour UUID 764a20d3-3937-4436-93ac-4eb06f9e0a4e
INFO 2025-07-19 20:32:27,483 middleware_hybrid 24168 9576 Tenant configuré: tenant_764a20d3_3937_4436_93ac_4eb06f9e0a4e pour UUID 764a20d3-3937-4436-93ac-4eb06f9e0a4e
INFO 2025-07-19 20:32:27,932 middleware_hybrid 24168 27144 Tenant existant trouvé: tenant_764a20d3_3937_4436_93ac_4eb06f9e0a4e pour UUID 764a20d3-3937-4436-93ac-4eb06f9e0a4e
INFO 2025-07-19 20:32:27,933 middleware_hybrid 24168 27144 Tenant configuré: tenant_764a20d3_3937_4436_93ac_4eb06f9e0a4e pour UUID 764a20d3-3937-4436-93ac-4eb06f9e0a4e
INFO 2025-07-19 20:32:28,383 middleware_hybrid 24168 44988 Tenant existant trouvé: tenant_764a20d3_3937_4436_93ac_4eb06f9e0a4e pour UUID 764a20d3-3937-4436-93ac-4eb06f9e0a4e
INFO 2025-07-19 20:32:28,384 middleware_hybrid 24168 44988 Tenant configuré: tenant_764a20d3_3937_4436_93ac_4eb06f9e0a4e pour UUID 764a20d3-3937-4436-93ac-4eb06f9e0a4e
INFO 2025-07-19 20:32:28,770 middleware_hybrid 24168 17436 Tenant existant trouvé: tenant_764a20d3_3937_4436_93ac_4eb06f9e0a4e pour UUID 764a20d3-3937-4436-93ac-4eb06f9e0a4e
INFO 2025-07-19 20:32:28,771 middleware_hybrid 24168 17436 Tenant configuré: tenant_764a20d3_3937_4436_93ac_4eb06f9e0a4e pour UUID 764a20d3-3937-4436-93ac-4eb06f9e0a4e
INFO 2025-07-19 20:32:38,507 middleware_hybrid 24168 2076 Tenant existant trouvé: tenant_764a20d3_3937_4436_93ac_4eb06f9e0a4e pour UUID 764a20d3-3937-4436-93ac-4eb06f9e0a4e
INFO 2025-07-19 20:32:38,508 middleware_hybrid 24168 2076 Tenant configuré: tenant_764a20d3_3937_4436_93ac_4eb06f9e0a4e pour UUID 764a20d3-3937-4436-93ac-4eb06f9e0a4e
INFO 2025-07-19 20:41:27,584 middleware_hybrid 24168 44328 Tenant existant trouvé: tenant_764a20d3_3937_4436_93ac_4eb06f9e0a4e pour UUID 764a20d3-3937-4436-93ac-4eb06f9e0a4e
INFO 2025-07-19 20:41:27,584 middleware_hybrid 24168 44328 Tenant configuré: tenant_764a20d3_3937_4436_93ac_4eb06f9e0a4e pour UUID 764a20d3-3937-4436-93ac-4eb06f9e0a4e
INFO 2025-07-19 20:41:28,451 middleware_hybrid 24168 12228 Tenant existant trouvé: tenant_764a20d3_3937_4436_93ac_4eb06f9e0a4e pour UUID 764a20d3-3937-4436-93ac-4eb06f9e0a4e
INFO 2025-07-19 20:41:28,453 middleware_hybrid 24168 12228 Tenant configuré: tenant_764a20d3_3937_4436_93ac_4eb06f9e0a4e pour UUID 764a20d3-3937-4436-93ac-4eb06f9e0a4e
INFO 2025-07-21 10:30:17,035 middleware_hybrid 24168 49552 Création automatique du tenant pour UUID f0e6399b-fc83-4ea9-87b5-5d0b6c1e5d2b
INFO 2025-07-21 10:30:17,092 middleware_hybrid 24168 49552 Tenant créé automatiquement: tenant_f0e6399b_fc83_4ea9_87b5_5d0b6c1e5d2b pour UUID f0e6399b-fc83-4ea9-87b5-5d0b6c1e5d2b
INFO 2025-07-21 10:30:17,094 middleware_hybrid 24168 49552 Tenant configuré: tenant_f0e6399b_fc83_4ea9_87b5_5d0b6c1e5d2b pour UUID f0e6399b-fc83-4ea9-87b5-5d0b6c1e5d2b
INFO 2025-07-21 10:30:18,050 middleware_hybrid 24168 39468 Tenant existant trouvé: tenant_f0e6399b_fc83_4ea9_87b5_5d0b6c1e5d2b pour UUID f0e6399b-fc83-4ea9-87b5-5d0b6c1e5d2b
INFO 2025-07-21 10:30:18,050 middleware_hybrid 24168 39468 Tenant configuré: tenant_f0e6399b_fc83_4ea9_87b5_5d0b6c1e5d2b pour UUID f0e6399b-fc83-4ea9-87b5-5d0b6c1e5d2b
INFO 2025-07-21 10:30:33,757 middleware_hybrid 24168 49304 Tenant existant trouvé: tenant_f0e6399b_fc83_4ea9_87b5_5d0b6c1e5d2b pour UUID f0e6399b-fc83-4ea9-87b5-5d0b6c1e5d2b
INFO 2025-07-21 10:30:33,757 middleware_hybrid 24168 49304 Tenant configuré: tenant_f0e6399b_fc83_4ea9_87b5_5d0b6c1e5d2b pour UUID f0e6399b-fc83-4ea9-87b5-5d0b6c1e5d2b
INFO 2025-07-21 10:30:34,252 middleware_hybrid 24168 18288 Tenant existant trouvé: tenant_f0e6399b_fc83_4ea9_87b5_5d0b6c1e5d2b pour UUID f0e6399b-fc83-4ea9-87b5-5d0b6c1e5d2b
INFO 2025-07-21 10:30:34,252 middleware_hybrid 24168 18288 Tenant configuré: tenant_f0e6399b_fc83_4ea9_87b5_5d0b6c1e5d2b pour UUID f0e6399b-fc83-4ea9-87b5-5d0b6c1e5d2b
INFO 2025-07-21 10:30:34,593 middleware_hybrid 24168 17136 Tenant existant trouvé: tenant_f0e6399b_fc83_4ea9_87b5_5d0b6c1e5d2b pour UUID f0e6399b-fc83-4ea9-87b5-5d0b6c1e5d2b
INFO 2025-07-21 10:30:34,593 middleware_hybrid 24168 17136 Tenant configuré: tenant_f0e6399b_fc83_4ea9_87b5_5d0b6c1e5d2b pour UUID f0e6399b-fc83-4ea9-87b5-5d0b6c1e5d2b
INFO 2025-07-21 10:30:35,070 middleware_hybrid 24168 21308 Tenant existant trouvé: tenant_f0e6399b_fc83_4ea9_87b5_5d0b6c1e5d2b pour UUID f0e6399b-fc83-4ea9-87b5-5d0b6c1e5d2b
INFO 2025-07-21 10:30:35,071 middleware_hybrid 24168 21308 Tenant configuré: tenant_f0e6399b_fc83_4ea9_87b5_5d0b6c1e5d2b pour UUID f0e6399b-fc83-4ea9-87b5-5d0b6c1e5d2b
INFO 2025-07-21 10:30:35,435 middleware_hybrid 24168 48140 Tenant existant trouvé: tenant_f0e6399b_fc83_4ea9_87b5_5d0b6c1e5d2b pour UUID f0e6399b-fc83-4ea9-87b5-5d0b6c1e5d2b
INFO 2025-07-21 10:30:35,436 middleware_hybrid 24168 48140 Tenant configuré: tenant_f0e6399b_fc83_4ea9_87b5_5d0b6c1e5d2b pour UUID f0e6399b-fc83-4ea9-87b5-5d0b6c1e5d2b
INFO 2025-07-21 10:30:35,695 middleware_hybrid 24168 35524 Tenant existant trouvé: tenant_f0e6399b_fc83_4ea9_87b5_5d0b6c1e5d2b pour UUID f0e6399b-fc83-4ea9-87b5-5d0b6c1e5d2b
INFO 2025-07-21 10:30:35,696 middleware_hybrid 24168 35524 Tenant configuré: tenant_f0e6399b_fc83_4ea9_87b5_5d0b6c1e5d2b pour UUID f0e6399b-fc83-4ea9-87b5-5d0b6c1e5d2b
INFO 2025-07-21 11:59:02,978 middleware_hybrid 40832 50480 Tenant existant trouvé: tenant_f0e6399b_fc83_4ea9_87b5_5d0b6c1e5d2b pour UUID f0e6399b-fc83-4ea9-87b5-5d0b6c1e5d2b
INFO 2025-07-21 11:59:02,978 middleware_hybrid 40832 50480 Tenant configuré: tenant_f0e6399b_fc83_4ea9_87b5_5d0b6c1e5d2b pour UUID f0e6399b-fc83-4ea9-87b5-5d0b6c1e5d2b
INFO 2025-07-21 11:59:04,032 middleware_hybrid 40832 44588 Tenant existant trouvé: tenant_f0e6399b_fc83_4ea9_87b5_5d0b6c1e5d2b pour UUID f0e6399b-fc83-4ea9-87b5-5d0b6c1e5d2b
INFO 2025-07-21 11:59:04,032 middleware_hybrid 40832 44588 Tenant configuré: tenant_f0e6399b_fc83_4ea9_87b5_5d0b6c1e5d2b pour UUID f0e6399b-fc83-4ea9-87b5-5d0b6c1e5d2b
INFO 2025-07-21 16:59:11,778 middleware_hybrid 42892 46620 Tenant existant trouvé: tenant_764a20d3_3937_4436_93ac_4eb06f9e0a4e pour UUID 764a20d3-3937-4436-93ac-4eb06f9e0a4e
INFO 2025-07-21 16:59:11,781 middleware_hybrid 42892 46620 Tenant configuré: tenant_764a20d3_3937_4436_93ac_4eb06f9e0a4e pour UUID 764a20d3-3937-4436-93ac-4eb06f9e0a4e
INFO 2025-07-21 16:59:11,848 middleware_hybrid 42892 13000 Tenant existant trouvé: tenant_764a20d3_3937_4436_93ac_4eb06f9e0a4e pour UUID 764a20d3-3937-4436-93ac-4eb06f9e0a4e
INFO 2025-07-21 16:59:11,849 middleware_hybrid 42892 13000 Tenant configuré: tenant_764a20d3_3937_4436_93ac_4eb06f9e0a4e pour UUID 764a20d3-3937-4436-93ac-4eb06f9e0a4e
INFO 2025-07-21 16:59:12,539 middleware_hybrid 42892 16944 Tenant existant trouvé: tenant_764a20d3_3937_4436_93ac_4eb06f9e0a4e pour UUID 764a20d3-3937-4436-93ac-4eb06f9e0a4e
INFO 2025-07-21 16:59:12,540 middleware_hybrid 42892 16944 Tenant configuré: tenant_764a20d3_3937_4436_93ac_4eb06f9e0a4e pour UUID 764a20d3-3937-4436-93ac-4eb06f9e0a4e
INFO 2025-07-21 16:59:12,801 middleware_hybrid 42892 44708 Tenant existant trouvé: tenant_764a20d3_3937_4436_93ac_4eb06f9e0a4e pour UUID 764a20d3-3937-4436-93ac-4eb06f9e0a4e
INFO 2025-07-21 16:59:12,802 middleware_hybrid 42892 44708 Tenant configuré: tenant_764a20d3_3937_4436_93ac_4eb06f9e0a4e pour UUID 764a20d3-3937-4436-93ac-4eb06f9e0a4e
INFO 2025-07-21 16:59:35,583 middleware_hybrid 42892 4400 Tenant existant trouvé: tenant_764a20d3_3937_4436_93ac_4eb06f9e0a4e pour UUID 764a20d3-3937-4436-93ac-4eb06f9e0a4e
INFO 2025-07-21 16:59:35,583 middleware_hybrid 42892 4400 Tenant configuré: tenant_764a20d3_3937_4436_93ac_4eb06f9e0a4e pour UUID 764a20d3-3937-4436-93ac-4eb06f9e0a4e
INFO 2025-07-21 16:59:35,687 middleware_hybrid 42892 5748 Tenant existant trouvé: tenant_764a20d3_3937_4436_93ac_4eb06f9e0a4e pour UUID 764a20d3-3937-4436-93ac-4eb06f9e0a4e
INFO 2025-07-21 16:59:35,687 middleware_hybrid 42892 5748 Tenant configuré: tenant_764a20d3_3937_4436_93ac_4eb06f9e0a4e pour UUID 764a20d3-3937-4436-93ac-4eb06f9e0a4e
INFO 2025-07-21 16:59:36,351 middleware_hybrid 42892 21704 Tenant existant trouvé: tenant_764a20d3_3937_4436_93ac_4eb06f9e0a4e pour UUID 764a20d3-3937-4436-93ac-4eb06f9e0a4e
INFO 2025-07-21 16:59:36,351 middleware_hybrid 42892 21704 Tenant configuré: tenant_764a20d3_3937_4436_93ac_4eb06f9e0a4e pour UUID 764a20d3-3937-4436-93ac-4eb06f9e0a4e
INFO 2025-07-21 16:59:36,630 middleware_hybrid 42892 17852 Tenant existant trouvé: tenant_764a20d3_3937_4436_93ac_4eb06f9e0a4e pour UUID 764a20d3-3937-4436-93ac-4eb06f9e0a4e
INFO 2025-07-21 16:59:36,631 middleware_hybrid 42892 17852 Tenant configuré: tenant_764a20d3_3937_4436_93ac_4eb06f9e0a4e pour UUID 764a20d3-3937-4436-93ac-4eb06f9e0a4e
INFO 2025-07-21 16:59:56,605 middleware_hybrid 42892 15644 Tenant existant trouvé: tenant_764a20d3_3937_4436_93ac_4eb06f9e0a4e pour UUID 764a20d3-3937-4436-93ac-4eb06f9e0a4e
INFO 2025-07-21 16:59:56,606 middleware_hybrid 42892 15644 Tenant configuré: tenant_764a20d3_3937_4436_93ac_4eb06f9e0a4e pour UUID 764a20d3-3937-4436-93ac-4eb06f9e0a4e
INFO 2025-07-21 16:59:56,945 middleware_hybrid 42892 608 Tenant existant trouvé: tenant_764a20d3_3937_4436_93ac_4eb06f9e0a4e pour UUID 764a20d3-3937-4436-93ac-4eb06f9e0a4e
INFO 2025-07-21 16:59:56,945 middleware_hybrid 42892 608 Tenant configuré: tenant_764a20d3_3937_4436_93ac_4eb06f9e0a4e pour UUID 764a20d3-3937-4436-93ac-4eb06f9e0a4e
INFO 2025-07-21 16:59:57,286 middleware_hybrid 42892 9880 Tenant existant trouvé: tenant_764a20d3_3937_4436_93ac_4eb06f9e0a4e pour UUID 764a20d3-3937-4436-93ac-4eb06f9e0a4e
INFO 2025-07-21 16:59:57,286 middleware_hybrid 42892 9880 Tenant configuré: tenant_764a20d3_3937_4436_93ac_4eb06f9e0a4e pour UUID 764a20d3-3937-4436-93ac-4eb06f9e0a4e
INFO 2025-07-21 16:59:57,530 middleware_hybrid 42892 45884 Tenant existant trouvé: tenant_764a20d3_3937_4436_93ac_4eb06f9e0a4e pour UUID 764a20d3-3937-4436-93ac-4eb06f9e0a4e
INFO 2025-07-21 16:59:57,531 middleware_hybrid 42892 45884 Tenant configuré: tenant_764a20d3_3937_4436_93ac_4eb06f9e0a4e pour UUID 764a20d3-3937-4436-93ac-4eb06f9e0a4e
INFO 2025-07-21 17:00:25,972 middleware_hybrid 42892 3868 Tenant existant trouvé: tenant_764a20d3_3937_4436_93ac_4eb06f9e0a4e pour UUID 764a20d3-3937-4436-93ac-4eb06f9e0a4e
INFO 2025-07-21 17:00:25,973 middleware_hybrid 42892 3868 Tenant configuré: tenant_764a20d3_3937_4436_93ac_4eb06f9e0a4e pour UUID 764a20d3-3937-4436-93ac-4eb06f9e0a4e
INFO 2025-07-21 17:00:26,422 middleware_hybrid 42892 15520 Tenant existant trouvé: tenant_764a20d3_3937_4436_93ac_4eb06f9e0a4e pour UUID 764a20d3-3937-4436-93ac-4eb06f9e0a4e
INFO 2025-07-21 17:00:26,423 middleware_hybrid 42892 15520 Tenant configuré: tenant_764a20d3_3937_4436_93ac_4eb06f9e0a4e pour UUID 764a20d3-3937-4436-93ac-4eb06f9e0a4e
INFO 2025-07-21 17:00:26,736 middleware_hybrid 42892 42872 Tenant existant trouvé: tenant_764a20d3_3937_4436_93ac_4eb06f9e0a4e pour UUID 764a20d3-3937-4436-93ac-4eb06f9e0a4e
INFO 2025-07-21 17:00:26,737 middleware_hybrid 42892 42872 Tenant configuré: tenant_764a20d3_3937_4436_93ac_4eb06f9e0a4e pour UUID 764a20d3-3937-4436-93ac-4eb06f9e0a4e
INFO 2025-07-21 17:00:27,048 middleware_hybrid 42892 13408 Tenant existant trouvé: tenant_764a20d3_3937_4436_93ac_4eb06f9e0a4e pour UUID 764a20d3-3937-4436-93ac-4eb06f9e0a4e
INFO 2025-07-21 17:00:27,048 middleware_hybrid 42892 13408 Tenant configuré: tenant_764a20d3_3937_4436_93ac_4eb06f9e0a4e pour UUID 764a20d3-3937-4436-93ac-4eb06f9e0a4e
INFO 2025-07-21 17:00:27,348 middleware_hybrid 42892 35576 Tenant existant trouvé: tenant_764a20d3_3937_4436_93ac_4eb06f9e0a4e pour UUID 764a20d3-3937-4436-93ac-4eb06f9e0a4e
INFO 2025-07-21 17:00:27,349 middleware_hybrid 42892 35576 Tenant configuré: tenant_764a20d3_3937_4436_93ac_4eb06f9e0a4e pour UUID 764a20d3-3937-4436-93ac-4eb06f9e0a4e
INFO 2025-07-21 17:00:27,837 middleware_hybrid 42892 24804 Tenant existant trouvé: tenant_764a20d3_3937_4436_93ac_4eb06f9e0a4e pour UUID 764a20d3-3937-4436-93ac-4eb06f9e0a4e
INFO 2025-07-21 17:00:27,837 middleware_hybrid 42892 24804 Tenant configuré: tenant_764a20d3_3937_4436_93ac_4eb06f9e0a4e pour UUID 764a20d3-3937-4436-93ac-4eb06f9e0a4e
INFO 2025-07-21 17:02:15,572 middleware_hybrid 42892 22012 Tenant existant trouvé: tenant_764a20d3_3937_4436_93ac_4eb06f9e0a4e pour UUID 764a20d3-3937-4436-93ac-4eb06f9e0a4e
INFO 2025-07-21 17:02:15,572 middleware_hybrid 42892 22012 Tenant configuré: tenant_764a20d3_3937_4436_93ac_4eb06f9e0a4e pour UUID 764a20d3-3937-4436-93ac-4eb06f9e0a4e
INFO 2025-07-21 17:02:15,939 middleware_hybrid 42892 6136 Tenant existant trouvé: tenant_764a20d3_3937_4436_93ac_4eb06f9e0a4e pour UUID 764a20d3-3937-4436-93ac-4eb06f9e0a4e
INFO 2025-07-21 17:02:15,940 middleware_hybrid 42892 6136 Tenant configuré: tenant_764a20d3_3937_4436_93ac_4eb06f9e0a4e pour UUID 764a20d3-3937-4436-93ac-4eb06f9e0a4e
INFO 2025-07-21 17:02:16,367 middleware_hybrid 42892 29680 Tenant existant trouvé: tenant_764a20d3_3937_4436_93ac_4eb06f9e0a4e pour UUID 764a20d3-3937-4436-93ac-4eb06f9e0a4e
INFO 2025-07-21 17:02:16,367 middleware_hybrid 42892 29680 Tenant configuré: tenant_764a20d3_3937_4436_93ac_4eb06f9e0a4e pour UUID 764a20d3-3937-4436-93ac-4eb06f9e0a4e
INFO 2025-07-21 17:02:16,694 middleware_hybrid 42892 47380 Tenant existant trouvé: tenant_764a20d3_3937_4436_93ac_4eb06f9e0a4e pour UUID 764a20d3-3937-4436-93ac-4eb06f9e0a4e
INFO 2025-07-21 17:02:16,695 middleware_hybrid 42892 47380 Tenant configuré: tenant_764a20d3_3937_4436_93ac_4eb06f9e0a4e pour UUID 764a20d3-3937-4436-93ac-4eb06f9e0a4e
INFO 2025-07-21 17:02:17,004 middleware_hybrid 42892 34504 Tenant existant trouvé: tenant_764a20d3_3937_4436_93ac_4eb06f9e0a4e pour UUID 764a20d3-3937-4436-93ac-4eb06f9e0a4e
INFO 2025-07-21 17:02:17,005 middleware_hybrid 42892 34504 Tenant configuré: tenant_764a20d3_3937_4436_93ac_4eb06f9e0a4e pour UUID 764a20d3-3937-4436-93ac-4eb06f9e0a4e
INFO 2025-07-21 17:02:17,401 middleware_hybrid 42892 20512 Tenant existant trouvé: tenant_764a20d3_3937_4436_93ac_4eb06f9e0a4e pour UUID 764a20d3-3937-4436-93ac-4eb06f9e0a4e
INFO 2025-07-21 17:02:17,402 middleware_hybrid 42892 20512 Tenant configuré: tenant_764a20d3_3937_4436_93ac_4eb06f9e0a4e pour UUID 764a20d3-3937-4436-93ac-4eb06f9e0a4e
INFO 2025-07-21 17:02:43,377 middleware_hybrid 42892 23176 Tenant existant trouvé: tenant_764a20d3_3937_4436_93ac_4eb06f9e0a4e pour UUID 764a20d3-3937-4436-93ac-4eb06f9e0a4e
INFO 2025-07-21 17:02:43,377 middleware_hybrid 42892 23176 Tenant configuré: tenant_764a20d3_3937_4436_93ac_4eb06f9e0a4e pour UUID 764a20d3-3937-4436-93ac-4eb06f9e0a4e
INFO 2025-07-21 17:02:43,730 middleware_hybrid 42892 48628 Tenant existant trouvé: tenant_764a20d3_3937_4436_93ac_4eb06f9e0a4e pour UUID 764a20d3-3937-4436-93ac-4eb06f9e0a4e
INFO 2025-07-21 17:02:43,730 middleware_hybrid 42892 48628 Tenant configuré: tenant_764a20d3_3937_4436_93ac_4eb06f9e0a4e pour UUID 764a20d3-3937-4436-93ac-4eb06f9e0a4e
INFO 2025-07-21 17:02:44,038 middleware_hybrid 42892 4144 Tenant existant trouvé: tenant_764a20d3_3937_4436_93ac_4eb06f9e0a4e pour UUID 764a20d3-3937-4436-93ac-4eb06f9e0a4e
INFO 2025-07-21 17:02:44,038 middleware_hybrid 42892 4144 Tenant configuré: tenant_764a20d3_3937_4436_93ac_4eb06f9e0a4e pour UUID 764a20d3-3937-4436-93ac-4eb06f9e0a4e
INFO 2025-07-21 17:02:44,404 middleware_hybrid 42892 38876 Tenant existant trouvé: tenant_764a20d3_3937_4436_93ac_4eb06f9e0a4e pour UUID 764a20d3-3937-4436-93ac-4eb06f9e0a4e
INFO 2025-07-21 17:02:44,404 middleware_hybrid 42892 38876 Tenant configuré: tenant_764a20d3_3937_4436_93ac_4eb06f9e0a4e pour UUID 764a20d3-3937-4436-93ac-4eb06f9e0a4e
INFO 2025-07-21 17:02:44,727 middleware_hybrid 42892 11952 Tenant existant trouvé: tenant_764a20d3_3937_4436_93ac_4eb06f9e0a4e pour UUID 764a20d3-3937-4436-93ac-4eb06f9e0a4e
INFO 2025-07-21 17:02:44,727 middleware_hybrid 42892 11952 Tenant configuré: tenant_764a20d3_3937_4436_93ac_4eb06f9e0a4e pour UUID 764a20d3-3937-4436-93ac-4eb06f9e0a4e
INFO 2025-07-21 17:02:45,011 middleware_hybrid 42892 36544 Tenant existant trouvé: tenant_764a20d3_3937_4436_93ac_4eb06f9e0a4e pour UUID 764a20d3-3937-4436-93ac-4eb06f9e0a4e
INFO 2025-07-21 17:02:45,011 middleware_hybrid 42892 36544 Tenant configuré: tenant_764a20d3_3937_4436_93ac_4eb06f9e0a4e pour UUID 764a20d3-3937-4436-93ac-4eb06f9e0a4e
INFO 2025-07-21 17:09:07,529 middleware_hybrid 42892 49892 Tenant existant trouvé: tenant_764a20d3_3937_4436_93ac_4eb06f9e0a4e pour UUID 764a20d3-3937-4436-93ac-4eb06f9e0a4e
INFO 2025-07-21 17:09:07,529 middleware_hybrid 42892 49892 Tenant configuré: tenant_764a20d3_3937_4436_93ac_4eb06f9e0a4e pour UUID 764a20d3-3937-4436-93ac-4eb06f9e0a4e
INFO 2025-07-21 17:09:08,267 middleware_hybrid 42892 31344 Tenant existant trouvé: tenant_764a20d3_3937_4436_93ac_4eb06f9e0a4e pour UUID 764a20d3-3937-4436-93ac-4eb06f9e0a4e
INFO 2025-07-21 17:09:08,267 middleware_hybrid 42892 31344 Tenant configuré: tenant_764a20d3_3937_4436_93ac_4eb06f9e0a4e pour UUID 764a20d3-3937-4436-93ac-4eb06f9e0a4e
INFO 2025-07-21 17:09:14,134 middleware_hybrid 42892 34096 Tenant existant trouvé: tenant_764a20d3_3937_4436_93ac_4eb06f9e0a4e pour UUID 764a20d3-3937-4436-93ac-4eb06f9e0a4e
INFO 2025-07-21 17:09:14,134 middleware_hybrid 42892 34096 Tenant configuré: tenant_764a20d3_3937_4436_93ac_4eb06f9e0a4e pour UUID 764a20d3-3937-4436-93ac-4eb06f9e0a4e
INFO 2025-07-21 17:09:14,451 middleware_hybrid 42892 17308 Tenant existant trouvé: tenant_764a20d3_3937_4436_93ac_4eb06f9e0a4e pour UUID 764a20d3-3937-4436-93ac-4eb06f9e0a4e
INFO 2025-07-21 17:09:14,452 middleware_hybrid 42892 17308 Tenant configuré: tenant_764a20d3_3937_4436_93ac_4eb06f9e0a4e pour UUID 764a20d3-3937-4436-93ac-4eb06f9e0a4e
INFO 2025-07-21 17:09:14,772 middleware_hybrid 42892 28848 Tenant existant trouvé: tenant_764a20d3_3937_4436_93ac_4eb06f9e0a4e pour UUID 764a20d3-3937-4436-93ac-4eb06f9e0a4e
INFO 2025-07-21 17:09:14,773 middleware_hybrid 42892 28848 Tenant configuré: tenant_764a20d3_3937_4436_93ac_4eb06f9e0a4e pour UUID 764a20d3-3937-4436-93ac-4eb06f9e0a4e
INFO 2025-07-21 17:09:15,187 middleware_hybrid 42892 10504 Tenant existant trouvé: tenant_764a20d3_3937_4436_93ac_4eb06f9e0a4e pour UUID 764a20d3-3937-4436-93ac-4eb06f9e0a4e
INFO 2025-07-21 17:09:15,187 middleware_hybrid 42892 10504 Tenant configuré: tenant_764a20d3_3937_4436_93ac_4eb06f9e0a4e pour UUID 764a20d3-3937-4436-93ac-4eb06f9e0a4e
INFO 2025-07-21 17:09:15,605 middleware_hybrid 42892 46656 Tenant existant trouvé: tenant_764a20d3_3937_4436_93ac_4eb06f9e0a4e pour UUID 764a20d3-3937-4436-93ac-4eb06f9e0a4e
INFO 2025-07-21 17:09:15,606 middleware_hybrid 42892 46656 Tenant configuré: tenant_764a20d3_3937_4436_93ac_4eb06f9e0a4e pour UUID 764a20d3-3937-4436-93ac-4eb06f9e0a4e
INFO 2025-07-21 17:09:15,868 middleware_hybrid 42892 49812 Tenant existant trouvé: tenant_764a20d3_3937_4436_93ac_4eb06f9e0a4e pour UUID 764a20d3-3937-4436-93ac-4eb06f9e0a4e
INFO 2025-07-21 17:09:15,869 middleware_hybrid 42892 49812 Tenant configuré: tenant_764a20d3_3937_4436_93ac_4eb06f9e0a4e pour UUID 764a20d3-3937-4436-93ac-4eb06f9e0a4e
INFO 2025-07-21 17:09:54,271 middleware_hybrid 42892 8704 Tenant existant trouvé: tenant_764a20d3_3937_4436_93ac_4eb06f9e0a4e pour UUID 764a20d3-3937-4436-93ac-4eb06f9e0a4e
INFO 2025-07-21 17:09:54,271 middleware_hybrid 42892 8704 Tenant configuré: tenant_764a20d3_3937_4436_93ac_4eb06f9e0a4e pour UUID 764a20d3-3937-4436-93ac-4eb06f9e0a4e
INFO 2025-07-21 17:10:18,986 middleware_hybrid 42892 20436 Tenant existant trouvé: tenant_764a20d3_3937_4436_93ac_4eb06f9e0a4e pour UUID 764a20d3-3937-4436-93ac-4eb06f9e0a4e
INFO 2025-07-21 17:10:18,987 middleware_hybrid 42892 46536 Tenant existant trouvé: tenant_764a20d3_3937_4436_93ac_4eb06f9e0a4e pour UUID 764a20d3-3937-4436-93ac-4eb06f9e0a4e
INFO 2025-07-21 17:10:18,987 middleware_hybrid 42892 20436 Tenant configuré: tenant_764a20d3_3937_4436_93ac_4eb06f9e0a4e pour UUID 764a20d3-3937-4436-93ac-4eb06f9e0a4e
INFO 2025-07-21 17:10:18,987 middleware_hybrid 42892 46536 Tenant configuré: tenant_764a20d3_3937_4436_93ac_4eb06f9e0a4e pour UUID 764a20d3-3937-4436-93ac-4eb06f9e0a4e
INFO 2025-07-21 17:10:19,650 middleware_hybrid 42892 13100 Tenant existant trouvé: tenant_764a20d3_3937_4436_93ac_4eb06f9e0a4e pour UUID 764a20d3-3937-4436-93ac-4eb06f9e0a4e
INFO 2025-07-21 17:10:19,650 middleware_hybrid 42892 13100 Tenant configuré: tenant_764a20d3_3937_4436_93ac_4eb06f9e0a4e pour UUID 764a20d3-3937-4436-93ac-4eb06f9e0a4e
INFO 2025-07-21 17:10:19,977 middleware_hybrid 42892 32260 Tenant existant trouvé: tenant_764a20d3_3937_4436_93ac_4eb06f9e0a4e pour UUID 764a20d3-3937-4436-93ac-4eb06f9e0a4e
INFO 2025-07-21 17:10:19,978 middleware_hybrid 42892 32260 Tenant configuré: tenant_764a20d3_3937_4436_93ac_4eb06f9e0a4e pour UUID 764a20d3-3937-4436-93ac-4eb06f9e0a4e
INFO 2025-07-21 17:10:20,258 middleware_hybrid 42892 40088 Tenant existant trouvé: tenant_764a20d3_3937_4436_93ac_4eb06f9e0a4e pour UUID 764a20d3-3937-4436-93ac-4eb06f9e0a4e
INFO 2025-07-21 17:10:20,259 middleware_hybrid 42892 40088 Tenant configuré: tenant_764a20d3_3937_4436_93ac_4eb06f9e0a4e pour UUID 764a20d3-3937-4436-93ac-4eb06f9e0a4e
INFO 2025-07-21 17:10:20,838 middleware_hybrid 42892 40384 Tenant existant trouvé: tenant_764a20d3_3937_4436_93ac_4eb06f9e0a4e pour UUID 764a20d3-3937-4436-93ac-4eb06f9e0a4e
INFO 2025-07-21 17:10:20,838 middleware_hybrid 42892 40384 Tenant configuré: tenant_764a20d3_3937_4436_93ac_4eb06f9e0a4e pour UUID 764a20d3-3937-4436-93ac-4eb06f9e0a4e
INFO 2025-07-21 17:16:27,503 middleware_hybrid 17312 10888 Tenant existant trouvé: tenant_764a20d3_3937_4436_93ac_4eb06f9e0a4e pour UUID 764a20d3-3937-4436-93ac-4eb06f9e0a4e
INFO 2025-07-21 17:16:27,503 middleware_hybrid 17312 10888 Tenant configuré: tenant_764a20d3_3937_4436_93ac_4eb06f9e0a4e pour UUID 764a20d3-3937-4436-93ac-4eb06f9e0a4e
INFO 2025-07-21 17:16:27,989 middleware_hybrid 17312 46732 Tenant existant trouvé: tenant_764a20d3_3937_4436_93ac_4eb06f9e0a4e pour UUID 764a20d3-3937-4436-93ac-4eb06f9e0a4e
INFO 2025-07-21 17:16:27,989 middleware_hybrid 17312 46732 Tenant configuré: tenant_764a20d3_3937_4436_93ac_4eb06f9e0a4e pour UUID 764a20d3-3937-4436-93ac-4eb06f9e0a4e
INFO 2025-07-21 17:16:28,321 middleware_hybrid 17312 46484 Tenant existant trouvé: tenant_764a20d3_3937_4436_93ac_4eb06f9e0a4e pour UUID 764a20d3-3937-4436-93ac-4eb06f9e0a4e
INFO 2025-07-21 17:16:28,321 middleware_hybrid 17312 46484 Tenant configuré: tenant_764a20d3_3937_4436_93ac_4eb06f9e0a4e pour UUID 764a20d3-3937-4436-93ac-4eb06f9e0a4e
INFO 2025-07-21 17:16:28,621 middleware_hybrid 17312 48604 Tenant existant trouvé: tenant_764a20d3_3937_4436_93ac_4eb06f9e0a4e pour UUID 764a20d3-3937-4436-93ac-4eb06f9e0a4e
INFO 2025-07-21 17:16:28,622 middleware_hybrid 17312 48604 Tenant configuré: tenant_764a20d3_3937_4436_93ac_4eb06f9e0a4e pour UUID 764a20d3-3937-4436-93ac-4eb06f9e0a4e
INFO 2025-07-21 17:16:28,937 middleware_hybrid 17312 31584 Tenant existant trouvé: tenant_764a20d3_3937_4436_93ac_4eb06f9e0a4e pour UUID 764a20d3-3937-4436-93ac-4eb06f9e0a4e
INFO 2025-07-21 17:16:28,937 middleware_hybrid 17312 31584 Tenant configuré: tenant_764a20d3_3937_4436_93ac_4eb06f9e0a4e pour UUID 764a20d3-3937-4436-93ac-4eb06f9e0a4e
INFO 2025-07-21 17:16:29,330 middleware_hybrid 17312 6036 Tenant existant trouvé: tenant_764a20d3_3937_4436_93ac_4eb06f9e0a4e pour UUID 764a20d3-3937-4436-93ac-4eb06f9e0a4e
INFO 2025-07-21 17:16:29,330 middleware_hybrid 17312 6036 Tenant configuré: tenant_764a20d3_3937_4436_93ac_4eb06f9e0a4e pour UUID 764a20d3-3937-4436-93ac-4eb06f9e0a4e
INFO 2025-07-21 18:08:31,984 middleware_hybrid 17312 41620 Tenant existant trouvé: tenant_764a20d3_3937_4436_93ac_4eb06f9e0a4e pour UUID 764a20d3-3937-4436-93ac-4eb06f9e0a4e
INFO 2025-07-21 18:08:31,988 middleware_hybrid 17312 41620 Tenant configuré: tenant_764a20d3_3937_4436_93ac_4eb06f9e0a4e pour UUID 764a20d3-3937-4436-93ac-4eb06f9e0a4e
INFO 2025-07-21 18:08:32,052 views 17312 41620 Tier créé avec succès: Mehdi
INFO 2025-07-21 18:08:32,052 views 17312 41620 Log d'activité créé pour tier: Mehdi
INFO 2025-07-21 18:08:32,700 middleware_hybrid 17312 33012 Tenant existant trouvé: tenant_764a20d3_3937_4436_93ac_4eb06f9e0a4e pour UUID 764a20d3-3937-4436-93ac-4eb06f9e0a4e
INFO 2025-07-21 18:08:32,700 middleware_hybrid 17312 33012 Tenant configuré: tenant_764a20d3_3937_4436_93ac_4eb06f9e0a4e pour UUID 764a20d3-3937-4436-93ac-4eb06f9e0a4e
INFO 2025-07-21 18:11:05,396 middleware_hybrid 17312 50848 Tenant existant trouvé: tenant_764a20d3_3937_4436_93ac_4eb06f9e0a4e pour UUID 764a20d3-3937-4436-93ac-4eb06f9e0a4e
INFO 2025-07-21 18:11:05,397 middleware_hybrid 17312 50848 Tenant configuré: tenant_764a20d3_3937_4436_93ac_4eb06f9e0a4e pour UUID 764a20d3-3937-4436-93ac-4eb06f9e0a4e
INFO 2025-07-21 18:11:05,504 middleware_hybrid 17312 2492 Tenant existant trouvé: tenant_764a20d3_3937_4436_93ac_4eb06f9e0a4e pour UUID 764a20d3-3937-4436-93ac-4eb06f9e0a4e
INFO 2025-07-21 18:11:05,504 middleware_hybrid 17312 2492 Tenant configuré: tenant_764a20d3_3937_4436_93ac_4eb06f9e0a4e pour UUID 764a20d3-3937-4436-93ac-4eb06f9e0a4e
INFO 2025-07-21 18:11:06,127 middleware_hybrid 17312 11752 Tenant existant trouvé: tenant_764a20d3_3937_4436_93ac_4eb06f9e0a4e pour UUID 764a20d3-3937-4436-93ac-4eb06f9e0a4e
INFO 2025-07-21 18:11:06,128 middleware_hybrid 17312 11752 Tenant configuré: tenant_764a20d3_3937_4436_93ac_4eb06f9e0a4e pour UUID 764a20d3-3937-4436-93ac-4eb06f9e0a4e
INFO 2025-07-21 18:11:06,466 middleware_hybrid 17312 13964 Tenant existant trouvé: tenant_764a20d3_3937_4436_93ac_4eb06f9e0a4e pour UUID 764a20d3-3937-4436-93ac-4eb06f9e0a4e
INFO 2025-07-21 18:11:06,467 middleware_hybrid 17312 13964 Tenant configuré: tenant_764a20d3_3937_4436_93ac_4eb06f9e0a4e pour UUID 764a20d3-3937-4436-93ac-4eb06f9e0a4e
INFO 2025-07-21 18:12:11,275 middleware_hybrid 31276 14812 Tenant existant trouvé: tenant_764a20d3_3937_4436_93ac_4eb06f9e0a4e pour UUID 764a20d3-3937-4436-93ac-4eb06f9e0a4e
INFO 2025-07-21 18:12:11,275 middleware_hybrid 31276 10504 Tenant existant trouvé: tenant_764a20d3_3937_4436_93ac_4eb06f9e0a4e pour UUID 764a20d3-3937-4436-93ac-4eb06f9e0a4e
INFO 2025-07-21 18:12:11,275 middleware_hybrid 31276 14812 Tenant configuré: tenant_764a20d3_3937_4436_93ac_4eb06f9e0a4e pour UUID 764a20d3-3937-4436-93ac-4eb06f9e0a4e
INFO 2025-07-21 18:12:11,276 middleware_hybrid 31276 10504 Tenant configuré: tenant_764a20d3_3937_4436_93ac_4eb06f9e0a4e pour UUID 764a20d3-3937-4436-93ac-4eb06f9e0a4e
INFO 2025-07-21 18:12:12,008 middleware_hybrid 31276 42904 Tenant existant trouvé: tenant_764a20d3_3937_4436_93ac_4eb06f9e0a4e pour UUID 764a20d3-3937-4436-93ac-4eb06f9e0a4e
INFO 2025-07-21 18:12:12,009 middleware_hybrid 31276 42904 Tenant configuré: tenant_764a20d3_3937_4436_93ac_4eb06f9e0a4e pour UUID 764a20d3-3937-4436-93ac-4eb06f9e0a4e
INFO 2025-07-21 18:12:12,149 middleware_hybrid 31276 30148 Tenant existant trouvé: tenant_764a20d3_3937_4436_93ac_4eb06f9e0a4e pour UUID 764a20d3-3937-4436-93ac-4eb06f9e0a4e
INFO 2025-07-21 18:12:12,149 middleware_hybrid 31276 30148 Tenant configuré: tenant_764a20d3_3937_4436_93ac_4eb06f9e0a4e pour UUID 764a20d3-3937-4436-93ac-4eb06f9e0a4e
INFO 2025-07-21 18:15:02,862 middleware_hybrid 31276 49612 Tenant existant trouvé: tenant_764a20d3_3937_4436_93ac_4eb06f9e0a4e pour UUID 764a20d3-3937-4436-93ac-4eb06f9e0a4e
INFO 2025-07-21 18:15:02,863 middleware_hybrid 31276 49612 Tenant configuré: tenant_764a20d3_3937_4436_93ac_4eb06f9e0a4e pour UUID 764a20d3-3937-4436-93ac-4eb06f9e0a4e
INFO 2025-07-21 18:15:02,903 views 31276 49612 Tier créé avec succès: Rayane
INFO 2025-07-21 18:15:02,904 views 31276 49612 Log d'activité créé pour tier: Rayane
INFO 2025-07-21 18:15:03,613 middleware_hybrid 31276 34408 Tenant existant trouvé: tenant_764a20d3_3937_4436_93ac_4eb06f9e0a4e pour UUID 764a20d3-3937-4436-93ac-4eb06f9e0a4e
INFO 2025-07-21 18:15:03,613 middleware_hybrid 31276 34408 Tenant configuré: tenant_764a20d3_3937_4436_93ac_4eb06f9e0a4e pour UUID 764a20d3-3937-4436-93ac-4eb06f9e0a4e
INFO 2025-07-21 18:15:04,299 middleware_hybrid 31276 20596 Tenant existant trouvé: tenant_764a20d3_3937_4436_93ac_4eb06f9e0a4e pour UUID 764a20d3-3937-4436-93ac-4eb06f9e0a4e
INFO 2025-07-21 18:15:04,299 middleware_hybrid 31276 20596 Tenant configuré: tenant_764a20d3_3937_4436_93ac_4eb06f9e0a4e pour UUID 764a20d3-3937-4436-93ac-4eb06f9e0a4e
INFO 2025-07-21 18:15:16,584 middleware_hybrid 31276 50452 Tenant existant trouvé: tenant_764a20d3_3937_4436_93ac_4eb06f9e0a4e pour UUID 764a20d3-3937-4436-93ac-4eb06f9e0a4e
INFO 2025-07-21 18:15:16,584 middleware_hybrid 31276 50452 Tenant configuré: tenant_764a20d3_3937_4436_93ac_4eb06f9e0a4e pour UUID 764a20d3-3937-4436-93ac-4eb06f9e0a4e
INFO 2025-07-21 18:15:16,943 middleware_hybrid 31276 22316 Tenant existant trouvé: tenant_764a20d3_3937_4436_93ac_4eb06f9e0a4e pour UUID 764a20d3-3937-4436-93ac-4eb06f9e0a4e
INFO 2025-07-21 18:15:16,943 middleware_hybrid 31276 22316 Tenant configuré: tenant_764a20d3_3937_4436_93ac_4eb06f9e0a4e pour UUID 764a20d3-3937-4436-93ac-4eb06f9e0a4e
INFO 2025-07-21 18:15:17,304 middleware_hybrid 31276 7528 Tenant existant trouvé: tenant_764a20d3_3937_4436_93ac_4eb06f9e0a4e pour UUID 764a20d3-3937-4436-93ac-4eb06f9e0a4e
INFO 2025-07-21 18:15:17,305 middleware_hybrid 31276 7528 Tenant configuré: tenant_764a20d3_3937_4436_93ac_4eb06f9e0a4e pour UUID 764a20d3-3937-4436-93ac-4eb06f9e0a4e
INFO 2025-07-21 18:15:17,672 middleware_hybrid 31276 17992 Tenant existant trouvé: tenant_764a20d3_3937_4436_93ac_4eb06f9e0a4e pour UUID 764a20d3-3937-4436-93ac-4eb06f9e0a4e
INFO 2025-07-21 18:15:17,672 middleware_hybrid 31276 17992 Tenant configuré: tenant_764a20d3_3937_4436_93ac_4eb06f9e0a4e pour UUID 764a20d3-3937-4436-93ac-4eb06f9e0a4e
INFO 2025-07-21 18:15:18,133 middleware_hybrid 31276 44988 Tenant existant trouvé: tenant_764a20d3_3937_4436_93ac_4eb06f9e0a4e pour UUID 764a20d3-3937-4436-93ac-4eb06f9e0a4e
INFO 2025-07-21 18:15:18,133 middleware_hybrid 31276 44988 Tenant configuré: tenant_764a20d3_3937_4436_93ac_4eb06f9e0a4e pour UUID 764a20d3-3937-4436-93ac-4eb06f9e0a4e
INFO 2025-07-21 18:15:18,283 middleware_hybrid 31276 22036 Tenant existant trouvé: tenant_764a20d3_3937_4436_93ac_4eb06f9e0a4e pour UUID 764a20d3-3937-4436-93ac-4eb06f9e0a4e
INFO 2025-07-21 18:15:18,284 middleware_hybrid 31276 22036 Tenant configuré: tenant_764a20d3_3937_4436_93ac_4eb06f9e0a4e pour UUID 764a20d3-3937-4436-93ac-4eb06f9e0a4e
INFO 2025-07-21 18:28:26,979 middleware_hybrid 31276 17432 Tenant existant trouvé: tenant_764a20d3_3937_4436_93ac_4eb06f9e0a4e pour UUID 764a20d3-3937-4436-93ac-4eb06f9e0a4e
INFO 2025-07-21 18:28:26,980 middleware_hybrid 31276 17432 Tenant configuré: tenant_764a20d3_3937_4436_93ac_4eb06f9e0a4e pour UUID 764a20d3-3937-4436-93ac-4eb06f9e0a4e
INFO 2025-07-21 18:29:45,971 middleware_hybrid 31276 15796 Tenant existant trouvé: tenant_764a20d3_3937_4436_93ac_4eb06f9e0a4e pour UUID 764a20d3-3937-4436-93ac-4eb06f9e0a4e
INFO 2025-07-21 18:29:45,972 middleware_hybrid 31276 15796 Tenant configuré: tenant_764a20d3_3937_4436_93ac_4eb06f9e0a4e pour UUID 764a20d3-3937-4436-93ac-4eb06f9e0a4e
INFO 2025-07-21 18:31:08,626 middleware_hybrid 31276 49168 Tenant existant trouvé: tenant_764a20d3_3937_4436_93ac_4eb06f9e0a4e pour UUID 764a20d3-3937-4436-93ac-4eb06f9e0a4e
INFO 2025-07-21 18:31:08,626 middleware_hybrid 31276 49168 Tenant configuré: tenant_764a20d3_3937_4436_93ac_4eb06f9e0a4e pour UUID 764a20d3-3937-4436-93ac-4eb06f9e0a4e
INFO 2025-07-21 18:31:24,948 middleware_hybrid 31276 17704 Tenant existant trouvé: tenant_764a20d3_3937_4436_93ac_4eb06f9e0a4e pour UUID 764a20d3-3937-4436-93ac-4eb06f9e0a4e
INFO 2025-07-21 18:31:24,948 middleware_hybrid 31276 17704 Tenant configuré: tenant_764a20d3_3937_4436_93ac_4eb06f9e0a4e pour UUID 764a20d3-3937-4436-93ac-4eb06f9e0a4e
INFO 2025-07-21 18:32:18,332 middleware_hybrid 31276 44608 Tenant existant trouvé: tenant_764a20d3_3937_4436_93ac_4eb06f9e0a4e pour UUID 764a20d3-3937-4436-93ac-4eb06f9e0a4e
INFO 2025-07-21 18:32:18,332 middleware_hybrid 31276 44608 Tenant configuré: tenant_764a20d3_3937_4436_93ac_4eb06f9e0a4e pour UUID 764a20d3-3937-4436-93ac-4eb06f9e0a4e
INFO 2025-07-21 18:32:18,916 middleware_hybrid 31276 43732 Tenant existant trouvé: tenant_764a20d3_3937_4436_93ac_4eb06f9e0a4e pour UUID 764a20d3-3937-4436-93ac-4eb06f9e0a4e
INFO 2025-07-21 18:32:18,916 middleware_hybrid 31276 43732 Tenant configuré: tenant_764a20d3_3937_4436_93ac_4eb06f9e0a4e pour UUID 764a20d3-3937-4436-93ac-4eb06f9e0a4e
INFO 2025-07-21 18:35:49,130 middleware_hybrid 31276 21140 Tenant existant trouvé: tenant_764a20d3_3937_4436_93ac_4eb06f9e0a4e pour UUID 764a20d3-3937-4436-93ac-4eb06f9e0a4e
INFO 2025-07-21 18:35:49,130 middleware_hybrid 31276 21140 Tenant configuré: tenant_764a20d3_3937_4436_93ac_4eb06f9e0a4e pour UUID 764a20d3-3937-4436-93ac-4eb06f9e0a4e
INFO 2025-07-21 18:35:49,834 middleware_hybrid 31276 45088 Tenant existant trouvé: tenant_764a20d3_3937_4436_93ac_4eb06f9e0a4e pour UUID 764a20d3-3937-4436-93ac-4eb06f9e0a4e
INFO 2025-07-21 18:35:49,834 middleware_hybrid 31276 45088 Tenant configuré: tenant_764a20d3_3937_4436_93ac_4eb06f9e0a4e pour UUID 764a20d3-3937-4436-93ac-4eb06f9e0a4e
INFO 2025-07-21 18:36:00,690 middleware_hybrid 31276 47436 Tenant existant trouvé: tenant_764a20d3_3937_4436_93ac_4eb06f9e0a4e pour UUID 764a20d3-3937-4436-93ac-4eb06f9e0a4e
INFO 2025-07-21 18:36:00,691 middleware_hybrid 31276 47436 Tenant configuré: tenant_764a20d3_3937_4436_93ac_4eb06f9e0a4e pour UUID 764a20d3-3937-4436-93ac-4eb06f9e0a4e
INFO 2025-07-21 18:37:26,515 middleware_hybrid 31276 51036 Tenant existant trouvé: tenant_764a20d3_3937_4436_93ac_4eb06f9e0a4e pour UUID 764a20d3-3937-4436-93ac-4eb06f9e0a4e
INFO 2025-07-21 18:37:26,515 middleware_hybrid 31276 51036 Tenant configuré: tenant_764a20d3_3937_4436_93ac_4eb06f9e0a4e pour UUID 764a20d3-3937-4436-93ac-4eb06f9e0a4e
INFO 2025-07-21 18:37:27,425 middleware_hybrid 31276 13112 Tenant existant trouvé: tenant_764a20d3_3937_4436_93ac_4eb06f9e0a4e pour UUID 764a20d3-3937-4436-93ac-4eb06f9e0a4e
INFO 2025-07-21 18:37:27,425 middleware_hybrid 31276 40400 Tenant existant trouvé: tenant_764a20d3_3937_4436_93ac_4eb06f9e0a4e pour UUID 764a20d3-3937-4436-93ac-4eb06f9e0a4e
INFO 2025-07-21 18:37:27,425 middleware_hybrid 31276 13112 Tenant configuré: tenant_764a20d3_3937_4436_93ac_4eb06f9e0a4e pour UUID 764a20d3-3937-4436-93ac-4eb06f9e0a4e
INFO 2025-07-21 18:37:27,426 middleware_hybrid 31276 40400 Tenant configuré: tenant_764a20d3_3937_4436_93ac_4eb06f9e0a4e pour UUID 764a20d3-3937-4436-93ac-4eb06f9e0a4e
INFO 2025-07-21 18:37:28,094 middleware_hybrid 31276 5112 Tenant existant trouvé: tenant_764a20d3_3937_4436_93ac_4eb06f9e0a4e pour UUID 764a20d3-3937-4436-93ac-4eb06f9e0a4e
INFO 2025-07-21 18:37:28,094 middleware_hybrid 31276 5112 Tenant configuré: tenant_764a20d3_3937_4436_93ac_4eb06f9e0a4e pour UUID 764a20d3-3937-4436-93ac-4eb06f9e0a4e
INFO 2025-07-21 18:37:43,576 middleware_hybrid 31276 36712 Tenant existant trouvé: tenant_764a20d3_3937_4436_93ac_4eb06f9e0a4e pour UUID 764a20d3-3937-4436-93ac-4eb06f9e0a4e
INFO 2025-07-21 18:37:43,577 middleware_hybrid 31276 20228 Tenant existant trouvé: tenant_764a20d3_3937_4436_93ac_4eb06f9e0a4e pour UUID 764a20d3-3937-4436-93ac-4eb06f9e0a4e
INFO 2025-07-21 18:37:43,577 middleware_hybrid 31276 36712 Tenant configuré: tenant_764a20d3_3937_4436_93ac_4eb06f9e0a4e pour UUID 764a20d3-3937-4436-93ac-4eb06f9e0a4e
INFO 2025-07-21 18:37:43,577 middleware_hybrid 31276 20228 Tenant configuré: tenant_764a20d3_3937_4436_93ac_4eb06f9e0a4e pour UUID 764a20d3-3937-4436-93ac-4eb06f9e0a4e
INFO 2025-07-21 18:37:44,338 middleware_hybrid 31276 44372 Tenant existant trouvé: tenant_764a20d3_3937_4436_93ac_4eb06f9e0a4e pour UUID 764a20d3-3937-4436-93ac-4eb06f9e0a4e
INFO 2025-07-21 18:37:44,339 middleware_hybrid 31276 44372 Tenant configuré: tenant_764a20d3_3937_4436_93ac_4eb06f9e0a4e pour UUID 764a20d3-3937-4436-93ac-4eb06f9e0a4e
INFO 2025-07-21 18:37:44,660 middleware_hybrid 31276 9376 Tenant existant trouvé: tenant_764a20d3_3937_4436_93ac_4eb06f9e0a4e pour UUID 764a20d3-3937-4436-93ac-4eb06f9e0a4e
INFO 2025-07-21 18:37:44,661 middleware_hybrid 31276 9376 Tenant configuré: tenant_764a20d3_3937_4436_93ac_4eb06f9e0a4e pour UUID 764a20d3-3937-4436-93ac-4eb06f9e0a4e
INFO 2025-07-21 18:37:45,073 middleware_hybrid 31276 22724 Tenant existant trouvé: tenant_764a20d3_3937_4436_93ac_4eb06f9e0a4e pour UUID 764a20d3-3937-4436-93ac-4eb06f9e0a4e
INFO 2025-07-21 18:37:45,074 middleware_hybrid 31276 22724 Tenant configuré: tenant_764a20d3_3937_4436_93ac_4eb06f9e0a4e pour UUID 764a20d3-3937-4436-93ac-4eb06f9e0a4e
INFO 2025-07-21 18:37:45,392 middleware_hybrid 31276 11004 Tenant existant trouvé: tenant_764a20d3_3937_4436_93ac_4eb06f9e0a4e pour UUID 764a20d3-3937-4436-93ac-4eb06f9e0a4e
INFO 2025-07-21 18:37:45,392 middleware_hybrid 31276 11004 Tenant configuré: tenant_764a20d3_3937_4436_93ac_4eb06f9e0a4e pour UUID 764a20d3-3937-4436-93ac-4eb06f9e0a4e
INFO 2025-07-21 18:37:46,155 middleware_hybrid 31276 24984 Tenant existant trouvé: tenant_764a20d3_3937_4436_93ac_4eb06f9e0a4e pour UUID 764a20d3-3937-4436-93ac-4eb06f9e0a4e
INFO 2025-07-21 18:37:46,156 middleware_hybrid 31276 24984 Tenant configuré: tenant_764a20d3_3937_4436_93ac_4eb06f9e0a4e pour UUID 764a20d3-3937-4436-93ac-4eb06f9e0a4e
INFO 2025-07-21 18:37:46,804 middleware_hybrid 31276 9280 Tenant existant trouvé: tenant_764a20d3_3937_4436_93ac_4eb06f9e0a4e pour UUID 764a20d3-3937-4436-93ac-4eb06f9e0a4e
INFO 2025-07-21 18:37:46,805 middleware_hybrid 31276 9280 Tenant configuré: tenant_764a20d3_3937_4436_93ac_4eb06f9e0a4e pour UUID 764a20d3-3937-4436-93ac-4eb06f9e0a4e
INFO 2025-07-21 18:41:16,275 middleware_hybrid 31276 30100 Tenant existant trouvé: tenant_764a20d3_3937_4436_93ac_4eb06f9e0a4e pour UUID 764a20d3-3937-4436-93ac-4eb06f9e0a4e
INFO 2025-07-21 18:41:16,276 middleware_hybrid 31276 30100 Tenant configuré: tenant_764a20d3_3937_4436_93ac_4eb06f9e0a4e pour UUID 764a20d3-3937-4436-93ac-4eb06f9e0a4e
INFO 2025-07-21 18:41:16,902 middleware_hybrid 31276 18020 Tenant existant trouvé: tenant_764a20d3_3937_4436_93ac_4eb06f9e0a4e pour UUID 764a20d3-3937-4436-93ac-4eb06f9e0a4e
INFO 2025-07-21 18:41:16,902 middleware_hybrid 31276 18020 Tenant configuré: tenant_764a20d3_3937_4436_93ac_4eb06f9e0a4e pour UUID 764a20d3-3937-4436-93ac-4eb06f9e0a4e
INFO 2025-07-21 18:41:40,982 middleware_hybrid 31276 10768 Tenant existant trouvé: tenant_764a20d3_3937_4436_93ac_4eb06f9e0a4e pour UUID 764a20d3-3937-4436-93ac-4eb06f9e0a4e
INFO 2025-07-21 18:41:40,983 middleware_hybrid 31276 10768 Tenant configuré: tenant_764a20d3_3937_4436_93ac_4eb06f9e0a4e pour UUID 764a20d3-3937-4436-93ac-4eb06f9e0a4e
INFO 2025-07-21 18:41:41,704 middleware_hybrid 31276 46600 Tenant existant trouvé: tenant_764a20d3_3937_4436_93ac_4eb06f9e0a4e pour UUID 764a20d3-3937-4436-93ac-4eb06f9e0a4e
INFO 2025-07-21 18:41:41,705 middleware_hybrid 31276 46600 Tenant configuré: tenant_764a20d3_3937_4436_93ac_4eb06f9e0a4e pour UUID 764a20d3-3937-4436-93ac-4eb06f9e0a4e
INFO 2025-07-21 18:41:41,958 middleware_hybrid 31276 25052 Tenant existant trouvé: tenant_764a20d3_3937_4436_93ac_4eb06f9e0a4e pour UUID 764a20d3-3937-4436-93ac-4eb06f9e0a4e
INFO 2025-07-21 18:41:41,958 middleware_hybrid 31276 25052 Tenant configuré: tenant_764a20d3_3937_4436_93ac_4eb06f9e0a4e pour UUID 764a20d3-3937-4436-93ac-4eb06f9e0a4e
INFO 2025-07-21 18:41:42,841 middleware_hybrid 31276 27108 Tenant existant trouvé: tenant_764a20d3_3937_4436_93ac_4eb06f9e0a4e pour UUID 764a20d3-3937-4436-93ac-4eb06f9e0a4e
INFO 2025-07-21 18:41:42,842 middleware_hybrid 31276 27108 Tenant configuré: tenant_764a20d3_3937_4436_93ac_4eb06f9e0a4e pour UUID 764a20d3-3937-4436-93ac-4eb06f9e0a4e
INFO 2025-07-21 20:03:05,207 middleware_hybrid 31276 43820 Tenant existant trouvé: tenant_764a20d3_3937_4436_93ac_4eb06f9e0a4e pour UUID 764a20d3-3937-4436-93ac-4eb06f9e0a4e
INFO 2025-07-21 20:03:05,209 middleware_hybrid 31276 43820 Tenant configuré: tenant_764a20d3_3937_4436_93ac_4eb06f9e0a4e pour UUID 764a20d3-3937-4436-93ac-4eb06f9e0a4e
INFO 2025-07-21 20:03:06,204 middleware_hybrid 31276 8532 Tenant existant trouvé: tenant_764a20d3_3937_4436_93ac_4eb06f9e0a4e pour UUID 764a20d3-3937-4436-93ac-4eb06f9e0a4e
INFO 2025-07-21 20:03:06,204 middleware_hybrid 31276 8532 Tenant configuré: tenant_764a20d3_3937_4436_93ac_4eb06f9e0a4e pour UUID 764a20d3-3937-4436-93ac-4eb06f9e0a4e
INFO 2025-07-21 20:04:06,003 middleware_hybrid 31276 10832 Tenant existant trouvé: tenant_764a20d3_3937_4436_93ac_4eb06f9e0a4e pour UUID 764a20d3-3937-4436-93ac-4eb06f9e0a4e
INFO 2025-07-21 20:04:06,004 middleware_hybrid 31276 10832 Tenant configuré: tenant_764a20d3_3937_4436_93ac_4eb06f9e0a4e pour UUID 764a20d3-3937-4436-93ac-4eb06f9e0a4e
INFO 2025-07-21 20:04:06,790 middleware_hybrid 31276 44332 Tenant existant trouvé: tenant_764a20d3_3937_4436_93ac_4eb06f9e0a4e pour UUID 764a20d3-3937-4436-93ac-4eb06f9e0a4e
INFO 2025-07-21 20:04:06,791 middleware_hybrid 31276 44332 Tenant configuré: tenant_764a20d3_3937_4436_93ac_4eb06f9e0a4e pour UUID 764a20d3-3937-4436-93ac-4eb06f9e0a4e
INFO 2025-07-21 20:04:07,054 middleware_hybrid 31276 15404 Tenant existant trouvé: tenant_764a20d3_3937_4436_93ac_4eb06f9e0a4e pour UUID 764a20d3-3937-4436-93ac-4eb06f9e0a4e
INFO 2025-07-21 20:04:07,055 middleware_hybrid 31276 15404 Tenant configuré: tenant_764a20d3_3937_4436_93ac_4eb06f9e0a4e pour UUID 764a20d3-3937-4436-93ac-4eb06f9e0a4e
INFO 2025-07-21 20:04:07,673 middleware_hybrid 31276 15696 Tenant existant trouvé: tenant_764a20d3_3937_4436_93ac_4eb06f9e0a4e pour UUID 764a20d3-3937-4436-93ac-4eb06f9e0a4e
INFO 2025-07-21 20:04:07,673 middleware_hybrid 31276 15696 Tenant configuré: tenant_764a20d3_3937_4436_93ac_4eb06f9e0a4e pour UUID 764a20d3-3937-4436-93ac-4eb06f9e0a4e
INFO 2025-07-21 20:07:05,044 middleware_hybrid 31276 14172 Tenant existant trouvé: tenant_764a20d3_3937_4436_93ac_4eb06f9e0a4e pour UUID 764a20d3-3937-4436-93ac-4eb06f9e0a4e
INFO 2025-07-21 20:07:05,044 middleware_hybrid 31276 14172 Tenant configuré: tenant_764a20d3_3937_4436_93ac_4eb06f9e0a4e pour UUID 764a20d3-3937-4436-93ac-4eb06f9e0a4e
INFO 2025-07-21 20:07:29,274 middleware_hybrid 31276 25208 Tenant existant trouvé: tenant_764a20d3_3937_4436_93ac_4eb06f9e0a4e pour UUID 764a20d3-3937-4436-93ac-4eb06f9e0a4e
INFO 2025-07-21 20:07:29,274 middleware_hybrid 31276 25208 Tenant configuré: tenant_764a20d3_3937_4436_93ac_4eb06f9e0a4e pour UUID 764a20d3-3937-4436-93ac-4eb06f9e0a4e
INFO 2025-07-21 20:07:30,221 middleware_hybrid 31276 44756 Tenant existant trouvé: tenant_764a20d3_3937_4436_93ac_4eb06f9e0a4e pour UUID 764a20d3-3937-4436-93ac-4eb06f9e0a4e
INFO 2025-07-21 20:07:30,221 middleware_hybrid 31276 44756 Tenant configuré: tenant_764a20d3_3937_4436_93ac_4eb06f9e0a4e pour UUID 764a20d3-3937-4436-93ac-4eb06f9e0a4e
INFO 2025-07-21 20:08:24,314 middleware_hybrid 31276 37060 Tenant existant trouvé: tenant_764a20d3_3937_4436_93ac_4eb06f9e0a4e pour UUID 764a20d3-3937-4436-93ac-4eb06f9e0a4e
INFO 2025-07-21 20:08:24,315 middleware_hybrid 31276 37060 Tenant configuré: tenant_764a20d3_3937_4436_93ac_4eb06f9e0a4e pour UUID 764a20d3-3937-4436-93ac-4eb06f9e0a4e
INFO 2025-07-21 20:08:25,043 middleware_hybrid 31276 31916 Tenant existant trouvé: tenant_764a20d3_3937_4436_93ac_4eb06f9e0a4e pour UUID 764a20d3-3937-4436-93ac-4eb06f9e0a4e
INFO 2025-07-21 20:08:25,043 middleware_hybrid 31276 31916 Tenant configuré: tenant_764a20d3_3937_4436_93ac_4eb06f9e0a4e pour UUID 764a20d3-3937-4436-93ac-4eb06f9e0a4e
INFO 2025-07-21 20:08:25,230 middleware_hybrid 31276 1656 Tenant existant trouvé: tenant_764a20d3_3937_4436_93ac_4eb06f9e0a4e pour UUID 764a20d3-3937-4436-93ac-4eb06f9e0a4e
INFO 2025-07-21 20:08:25,231 middleware_hybrid 31276 1656 Tenant configuré: tenant_764a20d3_3937_4436_93ac_4eb06f9e0a4e pour UUID 764a20d3-3937-4436-93ac-4eb06f9e0a4e
INFO 2025-07-21 20:08:25,808 middleware_hybrid 31276 51108 Tenant existant trouvé: tenant_764a20d3_3937_4436_93ac_4eb06f9e0a4e pour UUID 764a20d3-3937-4436-93ac-4eb06f9e0a4e
INFO 2025-07-21 20:08:25,808 middleware_hybrid 31276 51108 Tenant configuré: tenant_764a20d3_3937_4436_93ac_4eb06f9e0a4e pour UUID 764a20d3-3937-4436-93ac-4eb06f9e0a4e
INFO 2025-07-21 20:08:28,233 middleware_hybrid 31276 33348 Tenant existant trouvé: tenant_764a20d3_3937_4436_93ac_4eb06f9e0a4e pour UUID 764a20d3-3937-4436-93ac-4eb06f9e0a4e
INFO 2025-07-21 20:08:28,233 middleware_hybrid 31276 33348 Tenant configuré: tenant_764a20d3_3937_4436_93ac_4eb06f9e0a4e pour UUID 764a20d3-3937-4436-93ac-4eb06f9e0a4e
INFO 2025-07-21 20:08:28,883 middleware_hybrid 31276 34980 Tenant existant trouvé: tenant_764a20d3_3937_4436_93ac_4eb06f9e0a4e pour UUID 764a20d3-3937-4436-93ac-4eb06f9e0a4e
INFO 2025-07-21 20:08:28,884 middleware_hybrid 31276 34980 Tenant configuré: tenant_764a20d3_3937_4436_93ac_4eb06f9e0a4e pour UUID 764a20d3-3937-4436-93ac-4eb06f9e0a4e
INFO 2025-07-21 20:10:16,670 middleware_hybrid 31276 20376 Tenant existant trouvé: tenant_764a20d3_3937_4436_93ac_4eb06f9e0a4e pour UUID 764a20d3-3937-4436-93ac-4eb06f9e0a4e
INFO 2025-07-21 20:10:16,671 middleware_hybrid 31276 20376 Tenant configuré: tenant_764a20d3_3937_4436_93ac_4eb06f9e0a4e pour UUID 764a20d3-3937-4436-93ac-4eb06f9e0a4e
INFO 2025-07-21 20:10:17,298 middleware_hybrid 31276 18616 Tenant existant trouvé: tenant_764a20d3_3937_4436_93ac_4eb06f9e0a4e pour UUID 764a20d3-3937-4436-93ac-4eb06f9e0a4e
INFO 2025-07-21 20:10:17,298 middleware_hybrid 31276 18616 Tenant configuré: tenant_764a20d3_3937_4436_93ac_4eb06f9e0a4e pour UUID 764a20d3-3937-4436-93ac-4eb06f9e0a4e
INFO 2025-07-21 20:16:13,592 middleware_hybrid 31276 2492 Tenant existant trouvé: tenant_764a20d3_3937_4436_93ac_4eb06f9e0a4e pour UUID 764a20d3-3937-4436-93ac-4eb06f9e0a4e
INFO 2025-07-21 20:16:13,593 middleware_hybrid 31276 2492 Tenant configuré: tenant_764a20d3_3937_4436_93ac_4eb06f9e0a4e pour UUID 764a20d3-3937-4436-93ac-4eb06f9e0a4e
INFO 2025-07-21 20:16:14,227 middleware_hybrid 31276 16724 Tenant existant trouvé: tenant_764a20d3_3937_4436_93ac_4eb06f9e0a4e pour UUID 764a20d3-3937-4436-93ac-4eb06f9e0a4e
INFO 2025-07-21 20:16:14,227 middleware_hybrid 31276 16724 Tenant configuré: tenant_764a20d3_3937_4436_93ac_4eb06f9e0a4e pour UUID 764a20d3-3937-4436-93ac-4eb06f9e0a4e
INFO 2025-07-21 20:16:14,595 middleware_hybrid 31276 17184 Tenant existant trouvé: tenant_764a20d3_3937_4436_93ac_4eb06f9e0a4e pour UUID 764a20d3-3937-4436-93ac-4eb06f9e0a4e
INFO 2025-07-21 20:16:14,596 middleware_hybrid 31276 17184 Tenant configuré: tenant_764a20d3_3937_4436_93ac_4eb06f9e0a4e pour UUID 764a20d3-3937-4436-93ac-4eb06f9e0a4e
INFO 2025-07-21 20:16:15,247 middleware_hybrid 31276 42548 Tenant existant trouvé: tenant_764a20d3_3937_4436_93ac_4eb06f9e0a4e pour UUID 764a20d3-3937-4436-93ac-4eb06f9e0a4e
INFO 2025-07-21 20:16:15,247 middleware_hybrid 31276 42548 Tenant configuré: tenant_764a20d3_3937_4436_93ac_4eb06f9e0a4e pour UUID 764a20d3-3937-4436-93ac-4eb06f9e0a4e
INFO 2025-07-21 20:16:18,447 middleware_hybrid 31276 19776 Tenant existant trouvé: tenant_764a20d3_3937_4436_93ac_4eb06f9e0a4e pour UUID 764a20d3-3937-4436-93ac-4eb06f9e0a4e
INFO 2025-07-21 20:16:18,448 middleware_hybrid 31276 19776 Tenant configuré: tenant_764a20d3_3937_4436_93ac_4eb06f9e0a4e pour UUID 764a20d3-3937-4436-93ac-4eb06f9e0a4e
INFO 2025-07-21 20:16:18,556 middleware_hybrid 31276 45316 Tenant existant trouvé: tenant_764a20d3_3937_4436_93ac_4eb06f9e0a4e pour UUID 764a20d3-3937-4436-93ac-4eb06f9e0a4e
INFO 2025-07-21 20:16:18,557 middleware_hybrid 31276 45316 Tenant configuré: tenant_764a20d3_3937_4436_93ac_4eb06f9e0a4e pour UUID 764a20d3-3937-4436-93ac-4eb06f9e0a4e
INFO 2025-07-21 20:16:19,304 middleware_hybrid 31276 22092 Tenant existant trouvé: tenant_764a20d3_3937_4436_93ac_4eb06f9e0a4e pour UUID 764a20d3-3937-4436-93ac-4eb06f9e0a4e
INFO 2025-07-21 20:16:19,305 middleware_hybrid 31276 22092 Tenant configuré: tenant_764a20d3_3937_4436_93ac_4eb06f9e0a4e pour UUID 764a20d3-3937-4436-93ac-4eb06f9e0a4e
INFO 2025-07-21 20:16:19,456 middleware_hybrid 31276 32388 Tenant existant trouvé: tenant_764a20d3_3937_4436_93ac_4eb06f9e0a4e pour UUID 764a20d3-3937-4436-93ac-4eb06f9e0a4e
INFO 2025-07-21 20:16:19,456 middleware_hybrid 31276 32388 Tenant configuré: tenant_764a20d3_3937_4436_93ac_4eb06f9e0a4e pour UUID 764a20d3-3937-4436-93ac-4eb06f9e0a4e
INFO 2025-07-21 20:16:50,986 middleware_hybrid 31276 46716 Tenant existant trouvé: tenant_764a20d3_3937_4436_93ac_4eb06f9e0a4e pour UUID 764a20d3-3937-4436-93ac-4eb06f9e0a4e
INFO 2025-07-21 20:16:50,986 middleware_hybrid 31276 46716 Tenant configuré: tenant_764a20d3_3937_4436_93ac_4eb06f9e0a4e pour UUID 764a20d3-3937-4436-93ac-4eb06f9e0a4e
INFO 2025-07-21 20:17:22,689 middleware_hybrid 31276 31516 Tenant existant trouvé: tenant_764a20d3_3937_4436_93ac_4eb06f9e0a4e pour UUID 764a20d3-3937-4436-93ac-4eb06f9e0a4e
INFO 2025-07-21 20:17:22,689 middleware_hybrid 31276 31516 Tenant configuré: tenant_764a20d3_3937_4436_93ac_4eb06f9e0a4e pour UUID 764a20d3-3937-4436-93ac-4eb06f9e0a4e
INFO 2025-07-21 20:17:23,474 middleware_hybrid 31276 10832 Tenant existant trouvé: tenant_764a20d3_3937_4436_93ac_4eb06f9e0a4e pour UUID 764a20d3-3937-4436-93ac-4eb06f9e0a4e
INFO 2025-07-21 20:17:23,474 middleware_hybrid 31276 10832 Tenant configuré: tenant_764a20d3_3937_4436_93ac_4eb06f9e0a4e pour UUID 764a20d3-3937-4436-93ac-4eb06f9e0a4e
INFO 2025-07-21 20:17:23,638 middleware_hybrid 31276 42388 Tenant existant trouvé: tenant_764a20d3_3937_4436_93ac_4eb06f9e0a4e pour UUID 764a20d3-3937-4436-93ac-4eb06f9e0a4e
INFO 2025-07-21 20:17:23,638 middleware_hybrid 31276 42388 Tenant configuré: tenant_764a20d3_3937_4436_93ac_4eb06f9e0a4e pour UUID 764a20d3-3937-4436-93ac-4eb06f9e0a4e
INFO 2025-07-21 20:17:24,587 middleware_hybrid 31276 11940 Tenant existant trouvé: tenant_764a20d3_3937_4436_93ac_4eb06f9e0a4e pour UUID 764a20d3-3937-4436-93ac-4eb06f9e0a4e
INFO 2025-07-21 20:17:24,587 middleware_hybrid 31276 11940 Tenant configuré: tenant_764a20d3_3937_4436_93ac_4eb06f9e0a4e pour UUID 764a20d3-3937-4436-93ac-4eb06f9e0a4e
INFO 2025-07-21 20:19:22,098 middleware_hybrid 31276 7004 Tenant existant trouvé: tenant_764a20d3_3937_4436_93ac_4eb06f9e0a4e pour UUID 764a20d3-3937-4436-93ac-4eb06f9e0a4e
INFO 2025-07-21 20:19:22,099 middleware_hybrid 31276 7004 Tenant configuré: tenant_764a20d3_3937_4436_93ac_4eb06f9e0a4e pour UUID 764a20d3-3937-4436-93ac-4eb06f9e0a4e
INFO 2025-07-21 20:19:42,748 middleware_hybrid 31276 48204 Tenant existant trouvé: tenant_764a20d3_3937_4436_93ac_4eb06f9e0a4e pour UUID 764a20d3-3937-4436-93ac-4eb06f9e0a4e
INFO 2025-07-21 20:19:42,748 middleware_hybrid 31276 48204 Tenant configuré: tenant_764a20d3_3937_4436_93ac_4eb06f9e0a4e pour UUID 764a20d3-3937-4436-93ac-4eb06f9e0a4e
INFO 2025-07-21 20:19:43,601 middleware_hybrid 31276 49168 Tenant existant trouvé: tenant_764a20d3_3937_4436_93ac_4eb06f9e0a4e pour UUID 764a20d3-3937-4436-93ac-4eb06f9e0a4e
INFO 2025-07-21 20:19:43,601 middleware_hybrid 31276 49168 Tenant configuré: tenant_764a20d3_3937_4436_93ac_4eb06f9e0a4e pour UUID 764a20d3-3937-4436-93ac-4eb06f9e0a4e
INFO 2025-07-21 20:20:44,509 middleware_hybrid 31276 17240 Tenant existant trouvé: tenant_764a20d3_3937_4436_93ac_4eb06f9e0a4e pour UUID 764a20d3-3937-4436-93ac-4eb06f9e0a4e
INFO 2025-07-21 20:20:44,509 middleware_hybrid 31276 17240 Tenant configuré: tenant_764a20d3_3937_4436_93ac_4eb06f9e0a4e pour UUID 764a20d3-3937-4436-93ac-4eb06f9e0a4e
INFO 2025-07-21 20:20:45,445 middleware_hybrid 31276 11896 Tenant existant trouvé: tenant_764a20d3_3937_4436_93ac_4eb06f9e0a4e pour UUID 764a20d3-3937-4436-93ac-4eb06f9e0a4e
INFO 2025-07-21 20:20:45,446 middleware_hybrid 31276 44688 Tenant existant trouvé: tenant_764a20d3_3937_4436_93ac_4eb06f9e0a4e pour UUID 764a20d3-3937-4436-93ac-4eb06f9e0a4e
INFO 2025-07-21 20:20:45,446 middleware_hybrid 31276 11896 Tenant configuré: tenant_764a20d3_3937_4436_93ac_4eb06f9e0a4e pour UUID 764a20d3-3937-4436-93ac-4eb06f9e0a4e
INFO 2025-07-21 20:20:45,446 middleware_hybrid 31276 44688 Tenant configuré: tenant_764a20d3_3937_4436_93ac_4eb06f9e0a4e pour UUID 764a20d3-3937-4436-93ac-4eb06f9e0a4e
INFO 2025-07-21 20:20:46,140 middleware_hybrid 31276 43828 Tenant existant trouvé: tenant_764a20d3_3937_4436_93ac_4eb06f9e0a4e pour UUID 764a20d3-3937-4436-93ac-4eb06f9e0a4e
INFO 2025-07-21 20:20:46,140 middleware_hybrid 31276 43828 Tenant configuré: tenant_764a20d3_3937_4436_93ac_4eb06f9e0a4e pour UUID 764a20d3-3937-4436-93ac-4eb06f9e0a4e
INFO 2025-07-21 20:20:52,083 middleware_hybrid 31276 13384 Tenant existant trouvé: tenant_764a20d3_3937_4436_93ac_4eb06f9e0a4e pour UUID 764a20d3-3937-4436-93ac-4eb06f9e0a4e
INFO 2025-07-21 20:20:52,083 middleware_hybrid 31276 22336 Tenant existant trouvé: tenant_764a20d3_3937_4436_93ac_4eb06f9e0a4e pour UUID 764a20d3-3937-4436-93ac-4eb06f9e0a4e
INFO 2025-07-21 20:20:52,084 middleware_hybrid 31276 13384 Tenant configuré: tenant_764a20d3_3937_4436_93ac_4eb06f9e0a4e pour UUID 764a20d3-3937-4436-93ac-4eb06f9e0a4e
INFO 2025-07-21 20:20:52,084 middleware_hybrid 31276 22336 Tenant configuré: tenant_764a20d3_3937_4436_93ac_4eb06f9e0a4e pour UUID 764a20d3-3937-4436-93ac-4eb06f9e0a4e
INFO 2025-07-21 20:20:53,094 middleware_hybrid 31276 2472 Tenant existant trouvé: tenant_764a20d3_3937_4436_93ac_4eb06f9e0a4e pour UUID 764a20d3-3937-4436-93ac-4eb06f9e0a4e
INFO 2025-07-21 20:20:53,094 middleware_hybrid 31276 13624 Tenant existant trouvé: tenant_764a20d3_3937_4436_93ac_4eb06f9e0a4e pour UUID 764a20d3-3937-4436-93ac-4eb06f9e0a4e
INFO 2025-07-21 20:20:53,094 middleware_hybrid 31276 2472 Tenant configuré: tenant_764a20d3_3937_4436_93ac_4eb06f9e0a4e pour UUID 764a20d3-3937-4436-93ac-4eb06f9e0a4e
INFO 2025-07-21 20:20:53,095 middleware_hybrid 31276 13624 Tenant configuré: tenant_764a20d3_3937_4436_93ac_4eb06f9e0a4e pour UUID 764a20d3-3937-4436-93ac-4eb06f9e0a4e
INFO 2025-07-21 20:21:56,150 middleware_hybrid 31276 50992 Tenant existant trouvé: tenant_764a20d3_3937_4436_93ac_4eb06f9e0a4e pour UUID 764a20d3-3937-4436-93ac-4eb06f9e0a4e
INFO 2025-07-21 20:21:56,150 middleware_hybrid 31276 50992 Tenant configuré: tenant_764a20d3_3937_4436_93ac_4eb06f9e0a4e pour UUID 764a20d3-3937-4436-93ac-4eb06f9e0a4e
INFO 2025-07-21 20:21:59,338 middleware_hybrid 31276 21788 Tenant existant trouvé: tenant_764a20d3_3937_4436_93ac_4eb06f9e0a4e pour UUID 764a20d3-3937-4436-93ac-4eb06f9e0a4e
INFO 2025-07-21 20:21:59,339 middleware_hybrid 31276 21788 Tenant configuré: tenant_764a20d3_3937_4436_93ac_4eb06f9e0a4e pour UUID 764a20d3-3937-4436-93ac-4eb06f9e0a4e
INFO 2025-07-21 20:22:19,207 middleware_hybrid 31276 34612 Tenant existant trouvé: tenant_764a20d3_3937_4436_93ac_4eb06f9e0a4e pour UUID 764a20d3-3937-4436-93ac-4eb06f9e0a4e
INFO 2025-07-21 20:22:19,208 middleware_hybrid 31276 34612 Tenant configuré: tenant_764a20d3_3937_4436_93ac_4eb06f9e0a4e pour UUID 764a20d3-3937-4436-93ac-4eb06f9e0a4e
INFO 2025-07-21 20:22:19,873 middleware_hybrid 31276 39012 Tenant existant trouvé: tenant_764a20d3_3937_4436_93ac_4eb06f9e0a4e pour UUID 764a20d3-3937-4436-93ac-4eb06f9e0a4e
INFO 2025-07-21 20:22:19,873 middleware_hybrid 31276 39012 Tenant configuré: tenant_764a20d3_3937_4436_93ac_4eb06f9e0a4e pour UUID 764a20d3-3937-4436-93ac-4eb06f9e0a4e
INFO 2025-07-21 20:22:20,135 middleware_hybrid 31276 25812 Tenant existant trouvé: tenant_764a20d3_3937_4436_93ac_4eb06f9e0a4e pour UUID 764a20d3-3937-4436-93ac-4eb06f9e0a4e
INFO 2025-07-21 20:22:20,136 middleware_hybrid 31276 25812 Tenant configuré: tenant_764a20d3_3937_4436_93ac_4eb06f9e0a4e pour UUID 764a20d3-3937-4436-93ac-4eb06f9e0a4e
INFO 2025-07-21 20:22:20,937 middleware_hybrid 31276 49440 Tenant existant trouvé: tenant_764a20d3_3937_4436_93ac_4eb06f9e0a4e pour UUID 764a20d3-3937-4436-93ac-4eb06f9e0a4e
INFO 2025-07-21 20:22:20,938 middleware_hybrid 31276 49440 Tenant configuré: tenant_764a20d3_3937_4436_93ac_4eb06f9e0a4e pour UUID 764a20d3-3937-4436-93ac-4eb06f9e0a4e
INFO 2025-07-21 20:24:16,118 middleware_hybrid 31276 30848 Tenant existant trouvé: tenant_764a20d3_3937_4436_93ac_4eb06f9e0a4e pour UUID 764a20d3-3937-4436-93ac-4eb06f9e0a4e
INFO 2025-07-21 20:24:16,118 middleware_hybrid 31276 30848 Tenant configuré: tenant_764a20d3_3937_4436_93ac_4eb06f9e0a4e pour UUID 764a20d3-3937-4436-93ac-4eb06f9e0a4e
INFO 2025-07-21 20:24:52,094 middleware_hybrid 31276 33276 Tenant existant trouvé: tenant_764a20d3_3937_4436_93ac_4eb06f9e0a4e pour UUID 764a20d3-3937-4436-93ac-4eb06f9e0a4e
INFO 2025-07-21 20:24:52,095 middleware_hybrid 31276 33276 Tenant configuré: tenant_764a20d3_3937_4436_93ac_4eb06f9e0a4e pour UUID 764a20d3-3937-4436-93ac-4eb06f9e0a4e
INFO 2025-07-21 20:24:53,099 middleware_hybrid 31276 39336 Tenant existant trouvé: tenant_764a20d3_3937_4436_93ac_4eb06f9e0a4e pour UUID 764a20d3-3937-4436-93ac-4eb06f9e0a4e
INFO 2025-07-21 20:24:53,099 middleware_hybrid 31276 39336 Tenant configuré: tenant_764a20d3_3937_4436_93ac_4eb06f9e0a4e pour UUID 764a20d3-3937-4436-93ac-4eb06f9e0a4e
INFO 2025-07-21 20:26:32,825 middleware_hybrid 31276 46620 Tenant existant trouvé: tenant_764a20d3_3937_4436_93ac_4eb06f9e0a4e pour UUID 764a20d3-3937-4436-93ac-4eb06f9e0a4e
INFO 2025-07-21 20:26:32,826 middleware_hybrid 31276 46620 Tenant configuré: tenant_764a20d3_3937_4436_93ac_4eb06f9e0a4e pour UUID 764a20d3-3937-4436-93ac-4eb06f9e0a4e
INFO 2025-07-21 20:26:33,500 middleware_hybrid 31276 39260 Tenant existant trouvé: tenant_764a20d3_3937_4436_93ac_4eb06f9e0a4e pour UUID 764a20d3-3937-4436-93ac-4eb06f9e0a4e
INFO 2025-07-21 20:26:33,500 middleware_hybrid 31276 39260 Tenant configuré: tenant_764a20d3_3937_4436_93ac_4eb06f9e0a4e pour UUID 764a20d3-3937-4436-93ac-4eb06f9e0a4e
INFO 2025-07-21 20:26:33,759 middleware_hybrid 31276 37756 Tenant existant trouvé: tenant_764a20d3_3937_4436_93ac_4eb06f9e0a4e pour UUID 764a20d3-3937-4436-93ac-4eb06f9e0a4e
INFO 2025-07-21 20:26:33,759 middleware_hybrid 31276 37756 Tenant configuré: tenant_764a20d3_3937_4436_93ac_4eb06f9e0a4e pour UUID 764a20d3-3937-4436-93ac-4eb06f9e0a4e
INFO 2025-07-21 20:26:34,579 middleware_hybrid 31276 37204 Tenant existant trouvé: tenant_764a20d3_3937_4436_93ac_4eb06f9e0a4e pour UUID 764a20d3-3937-4436-93ac-4eb06f9e0a4e
INFO 2025-07-21 20:26:34,579 middleware_hybrid 31276 37204 Tenant configuré: tenant_764a20d3_3937_4436_93ac_4eb06f9e0a4e pour UUID 764a20d3-3937-4436-93ac-4eb06f9e0a4e
INFO 2025-07-21 20:26:38,931 middleware_hybrid 31276 29732 Tenant existant trouvé: tenant_764a20d3_3937_4436_93ac_4eb06f9e0a4e pour UUID 764a20d3-3937-4436-93ac-4eb06f9e0a4e
INFO 2025-07-21 20:26:38,932 middleware_hybrid 31276 29732 Tenant configuré: tenant_764a20d3_3937_4436_93ac_4eb06f9e0a4e pour UUID 764a20d3-3937-4436-93ac-4eb06f9e0a4e
INFO 2025-07-21 20:26:39,329 middleware_hybrid 31276 15476 Tenant existant trouvé: tenant_764a20d3_3937_4436_93ac_4eb06f9e0a4e pour UUID 764a20d3-3937-4436-93ac-4eb06f9e0a4e
INFO 2025-07-21 20:26:39,330 middleware_hybrid 31276 15476 Tenant configuré: tenant_764a20d3_3937_4436_93ac_4eb06f9e0a4e pour UUID 764a20d3-3937-4436-93ac-4eb06f9e0a4e
INFO 2025-07-21 20:26:39,872 middleware_hybrid 31276 34792 Tenant existant trouvé: tenant_764a20d3_3937_4436_93ac_4eb06f9e0a4e pour UUID 764a20d3-3937-4436-93ac-4eb06f9e0a4e
INFO 2025-07-21 20:26:39,872 middleware_hybrid 31276 34792 Tenant configuré: tenant_764a20d3_3937_4436_93ac_4eb06f9e0a4e pour UUID 764a20d3-3937-4436-93ac-4eb06f9e0a4e
INFO 2025-07-21 20:26:40,127 middleware_hybrid 31276 48304 Tenant existant trouvé: tenant_764a20d3_3937_4436_93ac_4eb06f9e0a4e pour UUID 764a20d3-3937-4436-93ac-4eb06f9e0a4e
INFO 2025-07-21 20:26:40,127 middleware_hybrid 31276 48304 Tenant configuré: tenant_764a20d3_3937_4436_93ac_4eb06f9e0a4e pour UUID 764a20d3-3937-4436-93ac-4eb06f9e0a4e
INFO 2025-07-21 20:26:51,546 middleware_hybrid 31276 21260 Tenant existant trouvé: tenant_764a20d3_3937_4436_93ac_4eb06f9e0a4e pour UUID 764a20d3-3937-4436-93ac-4eb06f9e0a4e
INFO 2025-07-21 20:26:51,546 middleware_hybrid 31276 21260 Tenant configuré: tenant_764a20d3_3937_4436_93ac_4eb06f9e0a4e pour UUID 764a20d3-3937-4436-93ac-4eb06f9e0a4e
INFO 2025-07-21 20:29:09,147 middleware_hybrid 31276 45436 Tenant existant trouvé: tenant_764a20d3_3937_4436_93ac_4eb06f9e0a4e pour UUID 764a20d3-3937-4436-93ac-4eb06f9e0a4e
INFO 2025-07-21 20:29:09,147 middleware_hybrid 31276 45436 Tenant configuré: tenant_764a20d3_3937_4436_93ac_4eb06f9e0a4e pour UUID 764a20d3-3937-4436-93ac-4eb06f9e0a4e
INFO 2025-07-21 20:29:09,939 middleware_hybrid 31276 13024 Tenant existant trouvé: tenant_764a20d3_3937_4436_93ac_4eb06f9e0a4e pour UUID 764a20d3-3937-4436-93ac-4eb06f9e0a4e
INFO 2025-07-21 20:29:09,939 middleware_hybrid 31276 13024 Tenant configuré: tenant_764a20d3_3937_4436_93ac_4eb06f9e0a4e pour UUID 764a20d3-3937-4436-93ac-4eb06f9e0a4e
INFO 2025-07-21 20:30:44,188 middleware_hybrid 31276 32068 Tenant existant trouvé: tenant_764a20d3_3937_4436_93ac_4eb06f9e0a4e pour UUID 764a20d3-3937-4436-93ac-4eb06f9e0a4e
INFO 2025-07-21 20:30:44,189 middleware_hybrid 31276 32068 Tenant configuré: tenant_764a20d3_3937_4436_93ac_4eb06f9e0a4e pour UUID 764a20d3-3937-4436-93ac-4eb06f9e0a4e
INFO 2025-07-21 20:30:44,822 middleware_hybrid 31276 18508 Tenant existant trouvé: tenant_764a20d3_3937_4436_93ac_4eb06f9e0a4e pour UUID 764a20d3-3937-4436-93ac-4eb06f9e0a4e
INFO 2025-07-21 20:30:44,822 middleware_hybrid 31276 18508 Tenant configuré: tenant_764a20d3_3937_4436_93ac_4eb06f9e0a4e pour UUID 764a20d3-3937-4436-93ac-4eb06f9e0a4e
INFO 2025-07-21 20:30:45,099 middleware_hybrid 31276 15668 Tenant existant trouvé: tenant_764a20d3_3937_4436_93ac_4eb06f9e0a4e pour UUID 764a20d3-3937-4436-93ac-4eb06f9e0a4e
INFO 2025-07-21 20:30:45,099 middleware_hybrid 31276 15668 Tenant configuré: tenant_764a20d3_3937_4436_93ac_4eb06f9e0a4e pour UUID 764a20d3-3937-4436-93ac-4eb06f9e0a4e
INFO 2025-07-21 20:30:46,152 middleware_hybrid 31276 50212 Tenant existant trouvé: tenant_764a20d3_3937_4436_93ac_4eb06f9e0a4e pour UUID 764a20d3-3937-4436-93ac-4eb06f9e0a4e
INFO 2025-07-21 20:30:46,152 middleware_hybrid 31276 50212 Tenant configuré: tenant_764a20d3_3937_4436_93ac_4eb06f9e0a4e pour UUID 764a20d3-3937-4436-93ac-4eb06f9e0a4e
INFO 2025-07-21 20:30:54,380 middleware_hybrid 31276 19256 Tenant existant trouvé: tenant_764a20d3_3937_4436_93ac_4eb06f9e0a4e pour UUID 764a20d3-3937-4436-93ac-4eb06f9e0a4e
INFO 2025-07-21 20:30:54,381 middleware_hybrid 31276 19256 Tenant configuré: tenant_764a20d3_3937_4436_93ac_4eb06f9e0a4e pour UUID 764a20d3-3937-4436-93ac-4eb06f9e0a4e
INFO 2025-07-21 20:30:54,391 middleware_hybrid 31276 19120 Tenant existant trouvé: tenant_764a20d3_3937_4436_93ac_4eb06f9e0a4e pour UUID 764a20d3-3937-4436-93ac-4eb06f9e0a4e
INFO 2025-07-21 20:30:54,392 middleware_hybrid 31276 19120 Tenant configuré: tenant_764a20d3_3937_4436_93ac_4eb06f9e0a4e pour UUID 764a20d3-3937-4436-93ac-4eb06f9e0a4e
INFO 2025-07-21 20:30:55,170 middleware_hybrid 31276 10232 Tenant existant trouvé: tenant_764a20d3_3937_4436_93ac_4eb06f9e0a4e pour UUID 764a20d3-3937-4436-93ac-4eb06f9e0a4e
INFO 2025-07-21 20:30:55,170 middleware_hybrid 31276 10232 Tenant configuré: tenant_764a20d3_3937_4436_93ac_4eb06f9e0a4e pour UUID 764a20d3-3937-4436-93ac-4eb06f9e0a4e
INFO 2025-07-21 20:30:55,409 middleware_hybrid 31276 50192 Tenant existant trouvé: tenant_764a20d3_3937_4436_93ac_4eb06f9e0a4e pour UUID 764a20d3-3937-4436-93ac-4eb06f9e0a4e
INFO 2025-07-21 20:30:55,410 middleware_hybrid 31276 50192 Tenant configuré: tenant_764a20d3_3937_4436_93ac_4eb06f9e0a4e pour UUID 764a20d3-3937-4436-93ac-4eb06f9e0a4e
INFO 2025-07-21 20:31:27,298 middleware_hybrid 31276 43040 Tenant existant trouvé: tenant_764a20d3_3937_4436_93ac_4eb06f9e0a4e pour UUID 764a20d3-3937-4436-93ac-4eb06f9e0a4e
INFO 2025-07-21 20:31:27,298 middleware_hybrid 31276 43040 Tenant configuré: tenant_764a20d3_3937_4436_93ac_4eb06f9e0a4e pour UUID 764a20d3-3937-4436-93ac-4eb06f9e0a4e
INFO 2025-07-21 20:31:27,956 middleware_hybrid 31276 35816 Tenant existant trouvé: tenant_764a20d3_3937_4436_93ac_4eb06f9e0a4e pour UUID 764a20d3-3937-4436-93ac-4eb06f9e0a4e
INFO 2025-07-21 20:31:27,957 middleware_hybrid 31276 35816 Tenant configuré: tenant_764a20d3_3937_4436_93ac_4eb06f9e0a4e pour UUID 764a20d3-3937-4436-93ac-4eb06f9e0a4e
INFO 2025-07-21 20:31:28,327 middleware_hybrid 31276 22988 Tenant existant trouvé: tenant_764a20d3_3937_4436_93ac_4eb06f9e0a4e pour UUID 764a20d3-3937-4436-93ac-4eb06f9e0a4e
INFO 2025-07-21 20:31:28,327 middleware_hybrid 31276 22988 Tenant configuré: tenant_764a20d3_3937_4436_93ac_4eb06f9e0a4e pour UUID 764a20d3-3937-4436-93ac-4eb06f9e0a4e
INFO 2025-07-21 20:31:28,921 middleware_hybrid 31276 19576 Tenant existant trouvé: tenant_764a20d3_3937_4436_93ac_4eb06f9e0a4e pour UUID 764a20d3-3937-4436-93ac-4eb06f9e0a4e
INFO 2025-07-21 20:31:28,922 middleware_hybrid 31276 19576 Tenant configuré: tenant_764a20d3_3937_4436_93ac_4eb06f9e0a4e pour UUID 764a20d3-3937-4436-93ac-4eb06f9e0a4e
INFO 2025-07-21 20:31:34,156 middleware_hybrid 31276 6424 Tenant existant trouvé: tenant_764a20d3_3937_4436_93ac_4eb06f9e0a4e pour UUID 764a20d3-3937-4436-93ac-4eb06f9e0a4e
INFO 2025-07-21 20:31:34,156 middleware_hybrid 31276 6424 Tenant configuré: tenant_764a20d3_3937_4436_93ac_4eb06f9e0a4e pour UUID 764a20d3-3937-4436-93ac-4eb06f9e0a4e
INFO 2025-07-21 20:31:34,157 middleware_hybrid 31276 50280 Tenant existant trouvé: tenant_764a20d3_3937_4436_93ac_4eb06f9e0a4e pour UUID 764a20d3-3937-4436-93ac-4eb06f9e0a4e
INFO 2025-07-21 20:31:34,162 middleware_hybrid 31276 50280 Tenant configuré: tenant_764a20d3_3937_4436_93ac_4eb06f9e0a4e pour UUID 764a20d3-3937-4436-93ac-4eb06f9e0a4e
INFO 2025-07-21 20:31:34,992 middleware_hybrid 31276 40308 Tenant existant trouvé: tenant_764a20d3_3937_4436_93ac_4eb06f9e0a4e pour UUID 764a20d3-3937-4436-93ac-4eb06f9e0a4e
INFO 2025-07-21 20:31:34,993 middleware_hybrid 31276 40308 Tenant configuré: tenant_764a20d3_3937_4436_93ac_4eb06f9e0a4e pour UUID 764a20d3-3937-4436-93ac-4eb06f9e0a4e
INFO 2025-07-21 20:31:35,145 middleware_hybrid 31276 30108 Tenant existant trouvé: tenant_764a20d3_3937_4436_93ac_4eb06f9e0a4e pour UUID 764a20d3-3937-4436-93ac-4eb06f9e0a4e
INFO 2025-07-21 20:31:35,146 middleware_hybrid 31276 30108 Tenant configuré: tenant_764a20d3_3937_4436_93ac_4eb06f9e0a4e pour UUID 764a20d3-3937-4436-93ac-4eb06f9e0a4e
INFO 2025-07-21 20:31:58,843 middleware_hybrid 31276 32680 Tenant existant trouvé: tenant_764a20d3_3937_4436_93ac_4eb06f9e0a4e pour UUID 764a20d3-3937-4436-93ac-4eb06f9e0a4e
INFO 2025-07-21 20:31:58,844 middleware_hybrid 31276 32680 Tenant configuré: tenant_764a20d3_3937_4436_93ac_4eb06f9e0a4e pour UUID 764a20d3-3937-4436-93ac-4eb06f9e0a4e
INFO 2025-07-21 20:31:59,514 middleware_hybrid 31276 31596 Tenant existant trouvé: tenant_764a20d3_3937_4436_93ac_4eb06f9e0a4e pour UUID 764a20d3-3937-4436-93ac-4eb06f9e0a4e
INFO 2025-07-21 20:31:59,515 middleware_hybrid 31276 31596 Tenant configuré: tenant_764a20d3_3937_4436_93ac_4eb06f9e0a4e pour UUID 764a20d3-3937-4436-93ac-4eb06f9e0a4e
INFO 2025-07-21 20:31:59,759 middleware_hybrid 31276 10424 Tenant existant trouvé: tenant_764a20d3_3937_4436_93ac_4eb06f9e0a4e pour UUID 764a20d3-3937-4436-93ac-4eb06f9e0a4e
INFO 2025-07-21 20:31:59,759 middleware_hybrid 31276 10424 Tenant configuré: tenant_764a20d3_3937_4436_93ac_4eb06f9e0a4e pour UUID 764a20d3-3937-4436-93ac-4eb06f9e0a4e
INFO 2025-07-21 20:32:00,460 middleware_hybrid 31276 30604 Tenant existant trouvé: tenant_764a20d3_3937_4436_93ac_4eb06f9e0a4e pour UUID 764a20d3-3937-4436-93ac-4eb06f9e0a4e
INFO 2025-07-21 20:32:00,461 middleware_hybrid 31276 30604 Tenant configuré: tenant_764a20d3_3937_4436_93ac_4eb06f9e0a4e pour UUID 764a20d3-3937-4436-93ac-4eb06f9e0a4e
INFO 2025-07-21 20:32:03,808 middleware_hybrid 31276 27364 Tenant existant trouvé: tenant_764a20d3_3937_4436_93ac_4eb06f9e0a4e pour UUID 764a20d3-3937-4436-93ac-4eb06f9e0a4e
INFO 2025-07-21 20:32:03,809 middleware_hybrid 31276 39672 Tenant existant trouvé: tenant_764a20d3_3937_4436_93ac_4eb06f9e0a4e pour UUID 764a20d3-3937-4436-93ac-4eb06f9e0a4e
INFO 2025-07-21 20:32:03,809 middleware_hybrid 31276 27364 Tenant configuré: tenant_764a20d3_3937_4436_93ac_4eb06f9e0a4e pour UUID 764a20d3-3937-4436-93ac-4eb06f9e0a4e
INFO 2025-07-21 20:32:03,809 middleware_hybrid 31276 39672 Tenant configuré: tenant_764a20d3_3937_4436_93ac_4eb06f9e0a4e pour UUID 764a20d3-3937-4436-93ac-4eb06f9e0a4e
INFO 2025-07-21 20:32:04,738 middleware_hybrid 31276 16496 Tenant existant trouvé: tenant_764a20d3_3937_4436_93ac_4eb06f9e0a4e pour UUID 764a20d3-3937-4436-93ac-4eb06f9e0a4e
INFO 2025-07-21 20:32:04,738 middleware_hybrid 31276 44272 Tenant existant trouvé: tenant_764a20d3_3937_4436_93ac_4eb06f9e0a4e pour UUID 764a20d3-3937-4436-93ac-4eb06f9e0a4e
INFO 2025-07-21 20:32:04,739 middleware_hybrid 31276 16496 Tenant configuré: tenant_764a20d3_3937_4436_93ac_4eb06f9e0a4e pour UUID 764a20d3-3937-4436-93ac-4eb06f9e0a4e
INFO 2025-07-21 20:32:04,739 middleware_hybrid 31276 44272 Tenant configuré: tenant_764a20d3_3937_4436_93ac_4eb06f9e0a4e pour UUID 764a20d3-3937-4436-93ac-4eb06f9e0a4e
INFO 2025-07-21 20:32:26,034 middleware_hybrid 31276 46296 Tenant existant trouvé: tenant_764a20d3_3937_4436_93ac_4eb06f9e0a4e pour UUID 764a20d3-3937-4436-93ac-4eb06f9e0a4e
INFO 2025-07-21 20:32:26,034 middleware_hybrid 31276 46296 Tenant configuré: tenant_764a20d3_3937_4436_93ac_4eb06f9e0a4e pour UUID 764a20d3-3937-4436-93ac-4eb06f9e0a4e
INFO 2025-07-21 20:32:28,914 middleware_hybrid 31276 26168 Tenant existant trouvé: tenant_764a20d3_3937_4436_93ac_4eb06f9e0a4e pour UUID 764a20d3-3937-4436-93ac-4eb06f9e0a4e
INFO 2025-07-21 20:32:28,915 middleware_hybrid 31276 26168 Tenant configuré: tenant_764a20d3_3937_4436_93ac_4eb06f9e0a4e pour UUID 764a20d3-3937-4436-93ac-4eb06f9e0a4e
INFO 2025-07-21 20:32:31,856 middleware_hybrid 31276 31776 Tenant existant trouvé: tenant_764a20d3_3937_4436_93ac_4eb06f9e0a4e pour UUID 764a20d3-3937-4436-93ac-4eb06f9e0a4e
INFO 2025-07-21 20:32:31,856 middleware_hybrid 31276 31776 Tenant configuré: tenant_764a20d3_3937_4436_93ac_4eb06f9e0a4e pour UUID 764a20d3-3937-4436-93ac-4eb06f9e0a4e
INFO 2025-07-21 20:32:40,093 middleware_hybrid 31276 30280 Tenant existant trouvé: tenant_764a20d3_3937_4436_93ac_4eb06f9e0a4e pour UUID 764a20d3-3937-4436-93ac-4eb06f9e0a4e
INFO 2025-07-21 20:32:40,094 middleware_hybrid 31276 30280 Tenant configuré: tenant_764a20d3_3937_4436_93ac_4eb06f9e0a4e pour UUID 764a20d3-3937-4436-93ac-4eb06f9e0a4e
INFO 2025-07-21 20:32:40,738 middleware_hybrid 31276 38824 Tenant existant trouvé: tenant_764a20d3_3937_4436_93ac_4eb06f9e0a4e pour UUID 764a20d3-3937-4436-93ac-4eb06f9e0a4e
INFO 2025-07-21 20:32:40,738 middleware_hybrid 31276 38824 Tenant configuré: tenant_764a20d3_3937_4436_93ac_4eb06f9e0a4e pour UUID 764a20d3-3937-4436-93ac-4eb06f9e0a4e
INFO 2025-07-21 20:32:41,106 middleware_hybrid 31276 16996 Tenant existant trouvé: tenant_764a20d3_3937_4436_93ac_4eb06f9e0a4e pour UUID 764a20d3-3937-4436-93ac-4eb06f9e0a4e
INFO 2025-07-21 20:32:41,106 middleware_hybrid 31276 16996 Tenant configuré: tenant_764a20d3_3937_4436_93ac_4eb06f9e0a4e pour UUID 764a20d3-3937-4436-93ac-4eb06f9e0a4e
INFO 2025-07-21 20:32:42,051 middleware_hybrid 31276 27036 Tenant existant trouvé: tenant_764a20d3_3937_4436_93ac_4eb06f9e0a4e pour UUID 764a20d3-3937-4436-93ac-4eb06f9e0a4e
INFO 2025-07-21 20:32:42,051 middleware_hybrid 31276 27036 Tenant configuré: tenant_764a20d3_3937_4436_93ac_4eb06f9e0a4e pour UUID 764a20d3-3937-4436-93ac-4eb06f9e0a4e
INFO 2025-07-21 20:35:49,967 middleware_hybrid 31276 13380 Tenant existant trouvé: tenant_f0e6399b_fc83_4ea9_87b5_5d0b6c1e5d2b pour UUID f0e6399b-fc83-4ea9-87b5-5d0b6c1e5d2b
INFO 2025-07-21 20:35:49,967 middleware_hybrid 31276 13380 Tenant configuré: tenant_f0e6399b_fc83_4ea9_87b5_5d0b6c1e5d2b pour UUID f0e6399b-fc83-4ea9-87b5-5d0b6c1e5d2b
INFO 2025-07-21 20:35:50,825 middleware_hybrid 31276 20888 Tenant existant trouvé: tenant_f0e6399b_fc83_4ea9_87b5_5d0b6c1e5d2b pour UUID f0e6399b-fc83-4ea9-87b5-5d0b6c1e5d2b
INFO 2025-07-21 20:35:50,825 middleware_hybrid 31276 20888 Tenant configuré: tenant_f0e6399b_fc83_4ea9_87b5_5d0b6c1e5d2b pour UUID f0e6399b-fc83-4ea9-87b5-5d0b6c1e5d2b
INFO 2025-07-21 20:54:58,868 middleware_hybrid 31276 28684 Tenant existant trouvé: tenant_f0e6399b_fc83_4ea9_87b5_5d0b6c1e5d2b pour UUID f0e6399b-fc83-4ea9-87b5-5d0b6c1e5d2b
INFO 2025-07-21 20:54:58,872 middleware_hybrid 31276 28684 Tenant configuré: tenant_f0e6399b_fc83_4ea9_87b5_5d0b6c1e5d2b pour UUID f0e6399b-fc83-4ea9-87b5-5d0b6c1e5d2b
INFO 2025-07-21 20:54:59,058 middleware_hybrid 31276 16644 Tenant existant trouvé: tenant_f0e6399b_fc83_4ea9_87b5_5d0b6c1e5d2b pour UUID f0e6399b-fc83-4ea9-87b5-5d0b6c1e5d2b
INFO 2025-07-21 20:54:59,059 middleware_hybrid 31276 16644 Tenant configuré: tenant_f0e6399b_fc83_4ea9_87b5_5d0b6c1e5d2b pour UUID f0e6399b-fc83-4ea9-87b5-5d0b6c1e5d2b
ERROR 2025-07-21 20:54:59,065 views 31276 16644 Erreur dans vue_360 pour le tier e857167f-cde4-4481-a709-0b0210f7213a: ERREUR:  la relation « tenant_metier_tiers » n'existe pas
LINE 1: ...ion", "tenant_metier_tiers"."date_archivage" FROM "tenant_me...
                                                             ^

INFO 2025-07-21 20:56:18,102 middleware_hybrid 31276 46716 Tenant existant trouvé: tenant_f0e6399b_fc83_4ea9_87b5_5d0b6c1e5d2b pour UUID f0e6399b-fc83-4ea9-87b5-5d0b6c1e5d2b
INFO 2025-07-21 20:56:18,102 middleware_hybrid 31276 46716 Tenant configuré: tenant_f0e6399b_fc83_4ea9_87b5_5d0b6c1e5d2b pour UUID f0e6399b-fc83-4ea9-87b5-5d0b6c1e5d2b
INFO 2025-07-21 20:56:40,654 middleware_hybrid 31276 42168 Tenant existant trouvé: tenant_f0e6399b_fc83_4ea9_87b5_5d0b6c1e5d2b pour UUID f0e6399b-fc83-4ea9-87b5-5d0b6c1e5d2b
INFO 2025-07-21 20:56:40,655 middleware_hybrid 31276 42168 Tenant configuré: tenant_f0e6399b_fc83_4ea9_87b5_5d0b6c1e5d2b pour UUID f0e6399b-fc83-4ea9-87b5-5d0b6c1e5d2b
INFO 2025-07-21 20:56:41,445 middleware_hybrid 31276 14248 Tenant existant trouvé: tenant_f0e6399b_fc83_4ea9_87b5_5d0b6c1e5d2b pour UUID f0e6399b-fc83-4ea9-87b5-5d0b6c1e5d2b
INFO 2025-07-21 20:56:41,445 middleware_hybrid 31276 14248 Tenant configuré: tenant_f0e6399b_fc83_4ea9_87b5_5d0b6c1e5d2b pour UUID f0e6399b-fc83-4ea9-87b5-5d0b6c1e5d2b
INFO 2025-07-21 20:57:18,825 middleware_hybrid 43344 8848 Tenant existant trouvé: tenant_f0e6399b_fc83_4ea9_87b5_5d0b6c1e5d2b pour UUID f0e6399b-fc83-4ea9-87b5-5d0b6c1e5d2b
INFO 2025-07-21 20:57:18,825 middleware_hybrid 43344 8848 Tenant configuré: tenant_f0e6399b_fc83_4ea9_87b5_5d0b6c1e5d2b pour UUID f0e6399b-fc83-4ea9-87b5-5d0b6c1e5d2b
INFO 2025-07-21 20:57:19,517 middleware_hybrid 43344 44756 Tenant existant trouvé: tenant_f0e6399b_fc83_4ea9_87b5_5d0b6c1e5d2b pour UUID f0e6399b-fc83-4ea9-87b5-5d0b6c1e5d2b
INFO 2025-07-21 20:57:19,518 middleware_hybrid 43344 44756 Tenant configuré: tenant_f0e6399b_fc83_4ea9_87b5_5d0b6c1e5d2b pour UUID f0e6399b-fc83-4ea9-87b5-5d0b6c1e5d2b
ERROR 2025-07-22 12:30:35,629 tiers 19412 47200 Erreur dans l'endpoint stats: ERREUR:  la relation « crm_tiers » n'existe pas
LINE 1: ...estimated_amount") AS "opportunities_amount" FROM "crm_tiers...
                                                             ^

ERROR 2025-07-22 12:30:48,748 tiers 19412 13784 Erreur dans l'endpoint frontend_format: ERREUR:  la relation « crm_tiers » n'existe pas
LINE 1: ...crm_tiers"."siret", "crm_tiers"."created_at" FROM "crm_tiers...
                                                             ^

ERROR 2025-07-22 12:44:55,876 tiers 19412 43176 Erreur dans l'endpoint frontend_format: ERREUR:  la relation « crm_tiers » n'existe pas
LINE 1: ...crm_tiers"."siret", "crm_tiers"."created_at" FROM "crm_tiers...
                                                             ^

INFO 2025-07-22 13:29:25,648 tiers 43396 19608 Récupération vue_360 pour le tier e857167f-cde4-4481-a709-0b0210f7213a
ERROR 2025-07-22 13:29:25,882 tiers 43396 19608 Erreur dans vue_360 pour le tier e857167f-cde4-4481-a709-0b0210f7213a: No Tiers matches the given query.
INFO 2025-07-22 13:30:01,885 tiers 43396 3452 Récupération vue_360 pour le tier e857167f-cde4-4481-a709-0b0210f7213a
ERROR 2025-07-22 13:30:01,965 tiers 43396 3452 Erreur dans vue_360 pour le tier e857167f-cde4-4481-a709-0b0210f7213a: No Tiers matches the given query.
INFO 2025-07-22 13:30:12,816 tiers 43396 29780 Récupération vue_360 pour le tier e857167f-cde4-4481-a709-0b0210f7213a
ERROR 2025-07-22 13:30:12,900 tiers 43396 29780 Erreur dans vue_360 pour le tier e857167f-cde4-4481-a709-0b0210f7213a: No Tiers matches the given query.
INFO 2025-07-22 14:12:05,792 tiers 43396 37112 Récupération vue_360 pour le tier bb337b13-aa3a-4e41-b812-176f8a18450f
INFO 2025-07-22 14:12:06,191 tiers 43396 37112 Vue_360 récupérée avec succès pour le tier bb337b13-aa3a-4e41-b812-176f8a18450f
INFO 2025-07-22 14:12:07,480 tiers 43396 20408 Récupération vue_360 pour le tier bb337b13-aa3a-4e41-b812-176f8a18450f
INFO 2025-07-22 14:12:07,613 tiers 43396 20408 Vue_360 récupérée avec succès pour le tier bb337b13-aa3a-4e41-b812-176f8a18450f
INFO 2025-07-22 14:14:40,182 tiers 43396 40648 Récupération vue_360 pour le tier bb337b13-aa3a-4e41-b812-176f8a18450f
INFO 2025-07-22 14:14:40,380 tiers 43396 40648 Vue_360 récupérée avec succès pour le tier bb337b13-aa3a-4e41-b812-176f8a18450f
INFO 2025-07-22 14:14:42,017 tiers 43396 34096 Récupération vue_360 pour le tier bb337b13-aa3a-4e41-b812-176f8a18450f
INFO 2025-07-22 14:14:42,256 tiers 43396 34096 Vue_360 récupérée avec succès pour le tier bb337b13-aa3a-4e41-b812-176f8a18450f
ERROR 2025-07-22 14:28:40,098 tiers 43396 42632 Erreur dans l'endpoint stats: ERREUR:  la relation « crm_tiers » n'existe pas
LINE 1: ...estimated_amount") AS "opportunities_amount" FROM "crm_tiers...
                                                             ^

ERROR 2025-07-22 14:28:40,545 tiers 43396 29724 Erreur dans l'endpoint stats: ERREUR:  la relation « crm_tiers » n'existe pas
LINE 1: ...estimated_amount") AS "opportunities_amount" FROM "crm_tiers...
                                                             ^

ERROR 2025-07-22 14:28:40,594 tiers 43396 42516 Erreur dans l'endpoint stats: ERREUR:  la relation « crm_tiers » n'existe pas
LINE 1: ...estimated_amount") AS "opportunities_amount" FROM "crm_tiers...
                                                             ^

INFO 2025-07-22 16:09:23,264 tiers 22200 2388 Cache invalidé pour tenant 8dd6f442-cd07-4993-8930-10abb2b23e7d
INFO 2025-07-22 16:09:23,270 tiers 22200 2388 Tier créé avec succès: 276ab453-c988-46a1-97df-c5434fbdf5b6 - Olivier
INFO 2025-07-22 16:16:20,051 tiers 20236 12016 Récupération vue_360 pour le tier bb337b13-aa3a-4e41-b812-176f8a18450f
INFO 2025-07-22 16:16:20,167 tiers 20236 12016 Vue_360 récupérée avec succès pour le tier bb337b13-aa3a-4e41-b812-176f8a18450f
INFO 2025-07-22 16:16:21,430 tiers 20236 24820 Récupération vue_360 pour le tier bb337b13-aa3a-4e41-b812-176f8a18450f
INFO 2025-07-22 16:16:21,484 tiers 20236 24820 Vue_360 récupérée avec succès pour le tier bb337b13-aa3a-4e41-b812-176f8a18450f
INFO 2025-07-22 16:29:01,412 tiers 24456 51108 Cache invalidé pour tenant 8dd6f442-cd07-4993-8930-10abb2b23e7d
INFO 2025-07-22 16:29:01,413 tiers 24456 51108 Tier créé avec succès: 498eafb0-0463-4b46-a093-54404c58f756 - kkkkk
INFO 2025-07-22 16:31:20,317 tiers 24456 37160 Cache invalidé pour tenant 8dd6f442-cd07-4993-8930-10abb2b23e7d
INFO 2025-07-22 16:31:20,318 tiers 24456 37160 Tier créé avec succès: 0a48a6bd-8cd1-4777-bb3c-a97d223f198f - jjjjj
INFO 2025-07-22 16:32:12,765 tiers 24456 2776 Cache invalidé pour tenant 8dd6f442-cd07-4993-8930-10abb2b23e7d
INFO 2025-07-22 16:32:12,766 tiers 24456 2776 Tier créé avec succès: 042fe006-e7d2-4358-8a28-b9ecac2f09e5 - ooo
INFO 2025-07-22 16:33:09,137 tiers 24456 43508 Cache invalidé pour tenant 8dd6f442-cd07-4993-8930-10abb2b23e7d
INFO 2025-07-22 16:33:09,138 tiers 24456 43508 Tier créé avec succès: 4ae96b16-e805-415e-a14d-25c14c7f94d4 - ssssss
INFO 2025-07-22 16:35:21,115 tiers 24456 50180 Cache invalidé pour tenant 8dd6f442-cd07-4993-8930-10abb2b23e7d
INFO 2025-07-22 16:35:21,116 tiers 24456 50180 Tier créé avec succès: 6ae6cbf3-b491-4c05-a4ea-dda958ee494c - eee
INFO 2025-07-22 16:35:55,266 tiers 24456 17568 Cache invalidé pour tenant 8dd6f442-cd07-4993-8930-10abb2b23e7d
INFO 2025-07-22 16:35:55,267 tiers 24456 17568 Tier créé avec succès: 2866efe1-7662-4055-86d5-df41ccb4a0dd - tttt
INFO 2025-07-22 16:37:08,978 tiers 24456 43140 Cache invalidé pour tenant 8dd6f442-cd07-4993-8930-10abb2b23e7d
INFO 2025-07-22 16:37:08,979 tiers 24456 43140 Tier créé avec succès: 5f512763-8eef-44d5-8766-4f88af3a21a9 - eeeeeee
INFO 2025-07-22 16:37:51,936 tiers 24456 30864 Cache invalidé pour tenant 8dd6f442-cd07-4993-8930-10abb2b23e7d
INFO 2025-07-22 16:37:51,936 tiers 24456 30864 Tier créé avec succès: e53b2445-4fbe-49f9-83e9-ef6e57fab856 - eeeeee
INFO 2025-07-22 16:51:58,253 tiers 24456 17508 Cache invalidé pour tenant 8dd6f442-cd07-4993-8930-10abb2b23e7d
INFO 2025-07-22 16:51:58,257 tiers 24456 17508 Tier créé avec succès: af9fcfcb-900a-4b28-8a8d-c8ac6cb24323 - eeeee
INFO 2025-07-22 16:52:55,269 tiers 24456 16632 Récupération vue_360 pour le tier af9fcfcb-900a-4b28-8a8d-c8ac6cb24323
INFO 2025-07-22 16:52:55,271 tiers 24456 31720 Récupération vue_360 pour le tier af9fcfcb-900a-4b28-8a8d-c8ac6cb24323
INFO 2025-07-22 16:52:55,447 tiers 24456 16632 Vue_360 récupérée avec succès pour le tier af9fcfcb-900a-4b28-8a8d-c8ac6cb24323
INFO 2025-07-22 16:52:55,467 tiers 24456 31720 Vue_360 récupérée avec succès pour le tier af9fcfcb-900a-4b28-8a8d-c8ac6cb24323
INFO 2025-07-22 20:47:07,834 tiers 24800 30128 Cache invalidé pour tenant 8dd6f442-cd07-4993-8930-10abb2b23e7d
INFO 2025-07-22 20:47:07,835 tiers 24800 30128 Tier créé avec succès: 2e92e27e-ba7a-40db-85c3-56a485330ed9 - fff
INFO 2025-07-22 22:28:28,353 opportunities 11748 45664 Cache invalidé pour tenant 8dd6f442-cd07-4993-8930-10abb2b23e7d
INFO 2025-07-22 22:43:07,370 opportunities 45492 27580 Cache invalidé pour tenant 8dd6f442-cd07-4993-8930-10abb2b23e7d
INFO 2025-07-23 11:03:30,917 tiers 27180 26724 Cache invalidé pour tenant e98f6cb6-1305-490a-9c41-2fab84f1bb80
INFO 2025-07-23 11:03:30,917 tiers 27180 26724 Tier créé avec succès: a850f6da-8b81-4eea-9384-cd79e328e9a9 - MEHDI
INFO 2025-07-23 11:04:43,884 tiers 27180 11076 Cache invalidé pour tenant e98f6cb6-1305-490a-9c41-2fab84f1bb80
INFO 2025-07-23 11:04:43,884 tiers 27180 11076 Tier créé avec succès: 42c70e3d-f886-477f-b97d-f1e393536331 - EIGSI
INFO 2025-07-23 12:16:31,028 tiers 27180 27472 Cache invalidé pour tenant e98f6cb6-1305-490a-9c41-2fab84f1bb80
INFO 2025-07-23 12:16:31,028 tiers 27180 27472 Tier créé avec succès: a8fb8b1f-6d25-409e-be3e-18987ebd2466 - Olivier
INFO 2025-07-23 12:17:06,731 tiers 27180 26952 Récupération vue_360 pour le tier a8fb8b1f-6d25-409e-be3e-18987ebd2466
INFO 2025-07-23 12:17:06,769 tiers 27180 26952 Vue_360 récupérée avec succès pour le tier a8fb8b1f-6d25-409e-be3e-18987ebd2466
INFO 2025-07-23 12:17:07,546 tiers 27180 28528 Récupération vue_360 pour le tier a8fb8b1f-6d25-409e-be3e-18987ebd2466
INFO 2025-07-23 12:17:07,588 tiers 27180 28528 Vue_360 récupérée avec succès pour le tier a8fb8b1f-6d25-409e-be3e-18987ebd2466
INFO 2025-07-23 12:19:19,102 opportunities 27180 1968 Cache invalidé pour tenant e98f6cb6-1305-490a-9c41-2fab84f1bb80
INFO 2025-07-23 12:44:03,754 tiers 27180 29200 Récupération vue_360 pour le tier a8fb8b1f-6d25-409e-be3e-18987ebd2466
INFO 2025-07-23 12:44:03,794 tiers 27180 29200 Vue_360 récupérée avec succès pour le tier a8fb8b1f-6d25-409e-be3e-18987ebd2466
INFO 2025-07-23 12:44:04,700 tiers 27180 1004 Récupération vue_360 pour le tier a8fb8b1f-6d25-409e-be3e-18987ebd2466
INFO 2025-07-23 12:44:04,742 tiers 27180 1004 Vue_360 récupérée avec succès pour le tier a8fb8b1f-6d25-409e-be3e-18987ebd2466
INFO 2025-07-23 13:15:54,213 tiers 27180 27624 Récupération vue_360 pour le tier a8fb8b1f-6d25-409e-be3e-18987ebd2466
INFO 2025-07-23 13:15:54,214 tiers 27180 28656 Récupération vue_360 pour le tier a8fb8b1f-6d25-409e-be3e-18987ebd2466
INFO 2025-07-23 13:15:54,266 tiers 27180 27624 Vue_360 récupérée avec succès pour le tier a8fb8b1f-6d25-409e-be3e-18987ebd2466
INFO 2025-07-23 13:15:54,266 tiers 27180 28656 Vue_360 récupérée avec succès pour le tier a8fb8b1f-6d25-409e-be3e-18987ebd2466
INFO 2025-07-23 13:19:23,402 tiers 27180 15312 Récupération vue_360 pour le tier a8fb8b1f-6d25-409e-be3e-18987ebd2466
INFO 2025-07-23 13:19:23,403 tiers 27180 24776 Récupération vue_360 pour le tier a8fb8b1f-6d25-409e-be3e-18987ebd2466
INFO 2025-07-23 13:19:23,450 tiers 27180 15312 Vue_360 récupérée avec succès pour le tier a8fb8b1f-6d25-409e-be3e-18987ebd2466
INFO 2025-07-23 13:19:23,451 tiers 27180 24776 Vue_360 récupérée avec succès pour le tier a8fb8b1f-6d25-409e-be3e-18987ebd2466
INFO 2025-07-23 13:19:35,142 tiers 27180 29188 Récupération vue_360 pour le tier a8fb8b1f-6d25-409e-be3e-18987ebd2466
INFO 2025-07-23 13:19:35,144 tiers 27180 8836 Récupération vue_360 pour le tier a8fb8b1f-6d25-409e-be3e-18987ebd2466
INFO 2025-07-23 13:19:35,189 tiers 27180 29188 Vue_360 récupérée avec succès pour le tier a8fb8b1f-6d25-409e-be3e-18987ebd2466
INFO 2025-07-23 13:19:35,190 tiers 27180 8836 Vue_360 récupérée avec succès pour le tier a8fb8b1f-6d25-409e-be3e-18987ebd2466
INFO 2025-07-23 13:21:02,041 opportunities 27180 24636 Cache invalidé pour tenant e98f6cb6-1305-490a-9c41-2fab84f1bb80
INFO 2025-07-23 13:29:48,386 opportunities 27180 26932 Cache invalidé pour tenant e98f6cb6-1305-490a-9c41-2fab84f1bb80
INFO 2025-07-23 13:30:02,762 tiers 27180 28608 Récupération vue_360 pour le tier a8fb8b1f-6d25-409e-be3e-18987ebd2466
INFO 2025-07-23 13:30:02,762 tiers 27180 22244 Récupération vue_360 pour le tier a8fb8b1f-6d25-409e-be3e-18987ebd2466
INFO 2025-07-23 13:30:02,810 tiers 27180 22244 Vue_360 récupérée avec succès pour le tier a8fb8b1f-6d25-409e-be3e-18987ebd2466
INFO 2025-07-23 13:30:02,810 tiers 27180 28608 Vue_360 récupérée avec succès pour le tier a8fb8b1f-6d25-409e-be3e-18987ebd2466
INFO 2025-07-23 13:30:52,271 opportunities 27180 27892 Cache invalidé pour tenant e98f6cb6-1305-490a-9c41-2fab84f1bb80
INFO 2025-07-23 13:32:10,153 opportunities 27180 25472 Cache invalidé pour tenant e98f6cb6-1305-490a-9c41-2fab84f1bb80
INFO 2025-07-23 13:33:19,826 opportunities 27180 28592 Cache invalidé pour tenant e98f6cb6-1305-490a-9c41-2fab84f1bb80
INFO 2025-07-23 13:33:46,389 tiers 27180 8688 Récupération vue_360 pour le tier 42c70e3d-f886-477f-b97d-f1e393536331
INFO 2025-07-23 13:33:46,431 tiers 27180 8688 Vue_360 récupérée avec succès pour le tier 42c70e3d-f886-477f-b97d-f1e393536331
INFO 2025-07-23 13:33:46,505 tiers 27180 19560 Récupération vue_360 pour le tier 42c70e3d-f886-477f-b97d-f1e393536331
INFO 2025-07-23 13:33:46,562 tiers 27180 19560 Vue_360 récupérée avec succès pour le tier 42c70e3d-f886-477f-b97d-f1e393536331
INFO 2025-07-23 13:33:57,110 tiers 27180 14164 Récupération vue_360 pour le tier a8fb8b1f-6d25-409e-be3e-18987ebd2466
INFO 2025-07-23 13:33:57,110 tiers 27180 29480 Récupération vue_360 pour le tier a8fb8b1f-6d25-409e-be3e-18987ebd2466
INFO 2025-07-23 13:33:57,163 tiers 27180 29480 Vue_360 récupérée avec succès pour le tier a8fb8b1f-6d25-409e-be3e-18987ebd2466
INFO 2025-07-23 13:33:57,164 tiers 27180 14164 Vue_360 récupérée avec succès pour le tier a8fb8b1f-6d25-409e-be3e-18987ebd2466
INFO 2025-07-23 13:36:09,380 tiers 27180 27280 Récupération vue_360 pour le tier a8fb8b1f-6d25-409e-be3e-18987ebd2466
INFO 2025-07-23 13:36:09,423 tiers 27180 27280 Vue_360 récupérée avec succès pour le tier a8fb8b1f-6d25-409e-be3e-18987ebd2466
INFO 2025-07-23 13:36:18,878 tiers 27180 24984 Récupération vue_360 pour le tier a8fb8b1f-6d25-409e-be3e-18987ebd2466
INFO 2025-07-23 13:36:18,928 tiers 27180 24984 Vue_360 récupérée avec succès pour le tier a8fb8b1f-6d25-409e-be3e-18987ebd2466
INFO 2025-07-23 13:36:26,887 tiers 27180 1944 Récupération vue_360 pour le tier a8fb8b1f-6d25-409e-be3e-18987ebd2466
INFO 2025-07-23 13:36:26,927 tiers 27180 1944 Vue_360 récupérée avec succès pour le tier a8fb8b1f-6d25-409e-be3e-18987ebd2466
INFO 2025-07-23 13:37:00,794 tiers 27180 27420 Récupération vue_360 pour le tier a8fb8b1f-6d25-409e-be3e-18987ebd2466
INFO 2025-07-23 13:37:00,795 tiers 27180 18280 Récupération vue_360 pour le tier a8fb8b1f-6d25-409e-be3e-18987ebd2466
INFO 2025-07-23 13:37:00,849 tiers 27180 27420 Vue_360 récupérée avec succès pour le tier a8fb8b1f-6d25-409e-be3e-18987ebd2466
INFO 2025-07-23 13:37:00,849 tiers 27180 18280 Vue_360 récupérée avec succès pour le tier a8fb8b1f-6d25-409e-be3e-18987ebd2466
INFO 2025-07-23 13:37:52,162 opportunities 27180 22364 Cache invalidé pour tenant e98f6cb6-1305-490a-9c41-2fab84f1bb80
INFO 2025-07-23 13:44:03,631 tiers 27180 26776 Récupération vue_360 pour le tier a8fb8b1f-6d25-409e-be3e-18987ebd2466
INFO 2025-07-23 13:44:03,631 tiers 27180 24556 Récupération vue_360 pour le tier a8fb8b1f-6d25-409e-be3e-18987ebd2466
INFO 2025-07-23 13:44:03,680 tiers 27180 26776 Vue_360 récupérée avec succès pour le tier a8fb8b1f-6d25-409e-be3e-18987ebd2466
INFO 2025-07-23 13:44:03,680 tiers 27180 24556 Vue_360 récupérée avec succès pour le tier a8fb8b1f-6d25-409e-be3e-18987ebd2466
INFO 2025-07-23 13:44:44,673 opportunities 27180 28320 Cache invalidé pour tenant e98f6cb6-1305-490a-9c41-2fab84f1bb80
INFO 2025-07-24 08:30:06,710 opportunities 27180 33564 Cache invalidé pour tenant e98f6cb6-1305-490a-9c41-2fab84f1bb80
INFO 2025-07-24 21:53:57,423 tiers 27180 10728 Récupération vue_360 pour le tier a8fb8b1f-6d25-409e-be3e-18987ebd2466
INFO 2025-07-24 21:53:57,425 tiers 27180 22924 Récupération vue_360 pour le tier a8fb8b1f-6d25-409e-be3e-18987ebd2466
INFO 2025-07-24 21:53:57,479 tiers 27180 22924 Vue_360 récupérée avec succès pour le tier a8fb8b1f-6d25-409e-be3e-18987ebd2466
INFO 2025-07-24 21:53:57,479 tiers 27180 10728 Vue_360 récupérée avec succès pour le tier a8fb8b1f-6d25-409e-be3e-18987ebd2466
INFO 2025-07-25 16:21:24,124 tiers 33332 37840 Cache invalidé pour tenant 31f96c39-bd7f-453e-a7f1-88495e70272b
INFO 2025-07-25 16:21:24,125 tiers 33332 37840 Tier créé avec succès: fa166c2a-620d-455f-b819-39bfa31232d4 - Trésor ILOKI
INFO 2025-07-25 16:41:04,228 tiers 33332 36356 Récupération vue_360 pour le tier bb337b13-aa3a-4e41-b812-176f8a18450f
INFO 2025-07-25 16:41:04,321 tiers 33332 36356 Vue_360 récupérée avec succès pour le tier bb337b13-aa3a-4e41-b812-176f8a18450f
INFO 2025-07-25 16:41:05,327 tiers 33332 7728 Récupération vue_360 pour le tier bb337b13-aa3a-4e41-b812-176f8a18450f
INFO 2025-07-25 16:41:05,360 tiers 33332 7728 Vue_360 récupérée avec succès pour le tier bb337b13-aa3a-4e41-b812-176f8a18450f
INFO 2025-07-25 21:48:47,583 tiers 33332 10716 Cache invalidé pour tenant 31f96c39-bd7f-453e-a7f1-88495e70272b
INFO 2025-07-25 21:48:47,583 tiers 33332 10716 Tier créé avec succès: ad00f5b0-ffeb-4ab5-bdf1-5508d88bc4ef - Olivier
INFO 2025-07-25 22:05:57,996 tiers 31504 31128 Cache invalidé pour tenant 31f96c39-bd7f-453e-a7f1-88495e70272b
INFO 2025-07-25 22:05:57,997 tiers 31504 31128 Tier créé avec succès: 027cf0e5-d426-48ca-b46a-7c384d22edaa - Vanessa
INFO 2025-07-25 22:05:59,013 tiers 31504 28164 Récupération vue_360 pour le tier 027cf0e5-d426-48ca-b46a-7c384d22edaa
INFO 2025-07-25 22:05:59,015 tiers 31504 37752 Récupération vue_360 pour le tier 027cf0e5-d426-48ca-b46a-7c384d22edaa
INFO 2025-07-25 22:05:59,117 tiers 31504 28164 Vue_360 récupérée avec succès pour le tier 027cf0e5-d426-48ca-b46a-7c384d22edaa
INFO 2025-07-25 22:05:59,117 tiers 31504 37752 Vue_360 récupérée avec succès pour le tier 027cf0e5-d426-48ca-b46a-7c384d22edaa
INFO 2025-07-25 22:10:47,088 opportunities 31504 37152 Cache invalidé pour tenant 31f96c39-bd7f-453e-a7f1-88495e70272b
INFO 2025-07-26 13:42:20,629 tiers 30812 34528 Récupération vue_360 pour le tier a8fb8b1f-6d25-409e-be3e-18987ebd2466
INFO 2025-07-26 13:42:20,630 tiers 30812 17948 Récupération vue_360 pour le tier a8fb8b1f-6d25-409e-be3e-18987ebd2466
ERROR 2025-07-26 13:42:20,637 tiers 30812 34528 Erreur dans vue_360 pour le tier a8fb8b1f-6d25-409e-be3e-18987ebd2466: No Tiers matches the given query.
ERROR 2025-07-26 13:42:20,638 tiers 30812 17948 Erreur dans vue_360 pour le tier a8fb8b1f-6d25-409e-be3e-18987ebd2466: No Tiers matches the given query.
INFO 2025-07-26 17:23:35,319 opportunities 30812 30020 Cache invalidé pour tenant 31f96c39-bd7f-453e-a7f1-88495e70272b
INFO 2025-07-28 10:02:24,296 opportunities 30812 37108 Cache invalidé pour tenant 8dd6f442-cd07-4993-8930-10abb2b23e7d
INFO 2025-07-29 10:20:30,311 tiers 30812 14028 Cache invalidé pour tenant 8dd6f442-cd07-4993-8930-10abb2b23e7d
INFO 2025-07-29 10:20:30,312 tiers 30812 14028 Tier créé avec succès: 6b200eb0-3106-426c-9ada-f9fa6dc6e49a - test
INFO 2025-07-29 10:21:45,431 opportunities 30812 21536 Cache invalidé pour tenant 8dd6f442-cd07-4993-8930-10abb2b23e7d
INFO 2025-07-29 10:51:44,962 tiers 30812 41460 Cache invalidé pour tenant 8dd6f442-cd07-4993-8930-10abb2b23e7d
INFO 2025-07-29 10:51:44,962 tiers 30812 41460 Tier créé avec succès: d059b9c3-5ddf-4b81-9c88-fdf9f1a97e21 - testu (1753782704012)
INFO 2025-07-29 10:53:54,340 tiers 30812 37428 Récupération vue_360 pour le tier d059b9c3-5ddf-4b81-9c88-fdf9f1a97e21
INFO 2025-07-29 10:53:54,400 tiers 30812 37428 Vue_360 récupérée avec succès pour le tier d059b9c3-5ddf-4b81-9c88-fdf9f1a97e21
INFO 2025-07-29 10:53:55,178 tiers 30812 11696 Récupération vue_360 pour le tier d059b9c3-5ddf-4b81-9c88-fdf9f1a97e21
INFO 2025-07-29 10:53:55,227 tiers 30812 11696 Vue_360 récupérée avec succès pour le tier d059b9c3-5ddf-4b81-9c88-fdf9f1a97e21
INFO 2025-08-01 16:26:14,278 tiers 4192 25064 Cache invalidé pour tenant cf22f06c-4134-4bf0-9fbd-8a00c04a6c8f
INFO 2025-08-01 16:26:14,281 tiers 4192 25064 Tier créé avec succès: 92f69214-61b3-43c8-88d5-0651f209219c - jean olivier
INFO 2025-08-01 16:26:22,145 tiers 4192 24580 Récupération vue_360 pour le tier 92f69214-61b3-43c8-88d5-0651f209219c
INFO 2025-08-01 16:26:22,152 tiers 4192 12936 Récupération vue_360 pour le tier 92f69214-61b3-43c8-88d5-0651f209219c
INFO 2025-08-01 16:26:22,912 tiers 4192 24580 Vue_360 récupérée avec succès pour le tier 92f69214-61b3-43c8-88d5-0651f209219c
INFO 2025-08-01 16:26:22,916 tiers 4192 12936 Vue_360 récupérée avec succès pour le tier 92f69214-61b3-43c8-88d5-0651f209219c
INFO 2025-08-01 16:34:07,237 tiers 4192 23964 Cache invalidé pour tenant cf22f06c-4134-4bf0-9fbd-8a00c04a6c8f
INFO 2025-08-01 16:34:07,240 tiers 4192 23964 Tier créé avec succès: 7bc183f1-cd75-49be-9fff-6053e0be3c52 - le soir moulot
INFO 2025-08-01 16:34:12,393 tiers 4192 2756 Récupération vue_360 pour le tier 7bc183f1-cd75-49be-9fff-6053e0be3c52
INFO 2025-08-01 16:34:12,464 tiers 4192 26232 Récupération vue_360 pour le tier 7bc183f1-cd75-49be-9fff-6053e0be3c52
INFO 2025-08-01 16:34:13,015 tiers 4192 2756 Vue_360 récupérée avec succès pour le tier 7bc183f1-cd75-49be-9fff-6053e0be3c52
INFO 2025-08-01 16:34:13,197 tiers 4192 26232 Vue_360 récupérée avec succès pour le tier 7bc183f1-cd75-49be-9fff-6053e0be3c52
INFO 2025-08-01 16:41:34,438 opportunities 4192 20212 Cache invalidé pour tenant cf22f06c-4134-4bf0-9fbd-8a00c04a6c8f
INFO 2025-08-01 17:18:31,323 tiers 4192 18332 Cache invalidé pour tenant cf22f06c-4134-4bf0-9fbd-8a00c04a6c8f
INFO 2025-08-01 17:18:31,329 tiers 4192 18332 Tier créé avec succès: e4124af5-f727-450c-aaf9-dc2769406dba - aron
INFO 2025-08-01 17:18:46,238 tiers 4192 7224 Récupération vue_360 pour le tier e4124af5-f727-450c-aaf9-dc2769406dba
INFO 2025-08-01 17:18:46,329 tiers 4192 24360 Récupération vue_360 pour le tier e4124af5-f727-450c-aaf9-dc2769406dba
INFO 2025-08-01 17:18:46,990 tiers 4192 7224 Vue_360 récupérée avec succès pour le tier e4124af5-f727-450c-aaf9-dc2769406dba
INFO 2025-08-01 17:18:47,221 tiers 4192 24360 Vue_360 récupérée avec succès pour le tier e4124af5-f727-450c-aaf9-dc2769406dba
INFO 2025-08-02 12:49:12,222 tiers 7628 24548 Cache invalidé pour tenant cf22f06c-4134-4bf0-9fbd-8a00c04a6c8f
INFO 2025-08-02 12:49:12,231 tiers 7628 24548 Tier créé avec succès: bc560762-b969-4e57-bd4f-7f6302c1f639 - oliiver aron
INFO 2025-08-02 12:49:29,733 tiers 7628 14004 Récupération vue_360 pour le tier bc560762-b969-4e57-bd4f-7f6302c1f639
INFO 2025-08-02 12:49:29,910 tiers 7628 20912 Récupération vue_360 pour le tier bc560762-b969-4e57-bd4f-7f6302c1f639
INFO 2025-08-02 12:49:30,639 tiers 7628 14004 Vue_360 récupérée avec succès pour le tier bc560762-b969-4e57-bd4f-7f6302c1f639
INFO 2025-08-02 12:49:30,776 tiers 7628 20912 Vue_360 récupérée avec succès pour le tier bc560762-b969-4e57-bd4f-7f6302c1f639
INFO 2025-08-02 13:05:48,501 tiers 7628 22932 Récupération vue_360 pour le tier bc560762-b969-4e57-bd4f-7f6302c1f639
INFO 2025-08-02 13:05:48,616 tiers 7628 18192 Récupération vue_360 pour le tier bc560762-b969-4e57-bd4f-7f6302c1f639
INFO 2025-08-02 13:05:49,351 tiers 7628 22932 Vue_360 récupérée avec succès pour le tier bc560762-b969-4e57-bd4f-7f6302c1f639
INFO 2025-08-02 13:05:49,388 tiers 7628 18192 Vue_360 récupérée avec succès pour le tier bc560762-b969-4e57-bd4f-7f6302c1f639
INFO 2025-08-02 16:08:12,954 tiers 7628 21152 Cache invalidé pour tenant cf22f06c-4134-4bf0-9fbd-8a00c04a6c8f
INFO 2025-08-02 16:08:12,968 tiers 7628 21152 Tier créé avec succès: 98d7c017-12fe-4767-a1ac-b8f02ec03d88 - kk aron
INFO 2025-08-02 16:08:28,448 tiers 7628 24100 Récupération vue_360 pour le tier 98d7c017-12fe-4767-a1ac-b8f02ec03d88
INFO 2025-08-02 16:08:28,632 tiers 7628 8444 Récupération vue_360 pour le tier 98d7c017-12fe-4767-a1ac-b8f02ec03d88
INFO 2025-08-02 16:08:29,262 tiers 7628 24100 Vue_360 récupérée avec succès pour le tier 98d7c017-12fe-4767-a1ac-b8f02ec03d88
INFO 2025-08-02 16:08:29,540 tiers 7628 8444 Vue_360 récupérée avec succès pour le tier 98d7c017-12fe-4767-a1ac-b8f02ec03d88
INFO 2025-08-02 16:20:49,620 tiers 16372 20580 [CRM LATENCY AUDIT] Tiers list START
INFO 2025-08-02 16:20:49,630 tiers 16372 20580 [CRM LATENCY AUDIT] Tiers query: 6.10ms
INFO 2025-08-02 16:20:49,648 tiers 16372 23332 [CRM LATENCY AUDIT] Tiers list START
INFO 2025-08-02 16:20:49,658 tiers 16372 23332 [CRM LATENCY AUDIT] Tiers query: 5.00ms
INFO 2025-08-02 16:20:49,830 tiers 16372 15516 [CRM LATENCY AUDIT] Tiers list START
INFO 2025-08-02 16:20:49,851 tiers 16372 15516 [CRM LATENCY AUDIT] Tiers query: 5.56ms
INFO 2025-08-02 16:20:50,352 tiers 16372 23332 [CRM LATENCY AUDIT] Pagination: 687.19ms
INFO 2025-08-02 16:20:50,367 tiers 16372 23332 [CRM LATENCY AUDIT] Serialization: 8.05ms
INFO 2025-08-02 16:20:50,379 tiers 16372 23332 [CRM LATENCY AUDIT] TOTAL LIST ENDPOINT: 731.11ms
INFO 2025-08-02 16:20:50,539 tiers 16372 15516 [CRM LATENCY AUDIT] Pagination: 674.07ms
INFO 2025-08-02 16:20:50,579 tiers 16372 15516 [CRM LATENCY AUDIT] Serialization: 6.56ms
INFO 2025-08-02 16:20:50,599 tiers 16372 20580 [CRM LATENCY AUDIT] Pagination: 957.45ms
INFO 2025-08-02 16:20:50,638 tiers 16372 15516 [CRM LATENCY AUDIT] TOTAL LIST ENDPOINT: 807.63ms
INFO 2025-08-02 16:20:50,696 tiers 16372 20580 [CRM LATENCY AUDIT] Serialization: 14.58ms
INFO 2025-08-02 16:20:50,727 tiers 16372 20580 [CRM LATENCY AUDIT] TOTAL LIST ENDPOINT: 1106.37ms
INFO 2025-08-02 16:27:17,608 tiers 16372 13568 [CRM LATENCY AUDIT] Tiers list START
INFO 2025-08-02 16:27:17,618 tiers 16372 13568 [CRM LATENCY AUDIT] Tiers query: 8.54ms
INFO 2025-08-02 16:27:18,251 tiers 16372 13568 [CRM LATENCY AUDIT] Pagination: 632.02ms
INFO 2025-08-02 16:27:18,267 tiers 16372 13568 [CRM LATENCY AUDIT] Serialization: 15.06ms
INFO 2025-08-02 16:27:18,268 tiers 16372 13568 [CRM LATENCY AUDIT] TOTAL LIST ENDPOINT: 660.32ms
INFO 2025-08-02 16:27:18,272 tiers 16372 5248 [CRM LATENCY AUDIT] Tiers list START
INFO 2025-08-02 16:27:18,278 tiers 16372 5248 [CRM LATENCY AUDIT] Tiers query: 3.54ms
INFO 2025-08-02 16:27:18,878 tiers 16372 5248 [CRM LATENCY AUDIT] Pagination: 597.33ms
INFO 2025-08-02 16:27:18,887 tiers 16372 5248 [CRM LATENCY AUDIT] Serialization: 8.52ms
INFO 2025-08-02 16:27:18,888 tiers 16372 5248 [CRM LATENCY AUDIT] TOTAL LIST ENDPOINT: 615.42ms
INFO 2025-08-02 16:27:18,896 tiers 16372 13416 [CRM LATENCY AUDIT] Tiers list START
INFO 2025-08-02 16:27:18,899 tiers 16372 13416 [CRM LATENCY AUDIT] Tiers query: 2.01ms
INFO 2025-08-02 16:27:19,532 tiers 16372 13416 [CRM LATENCY AUDIT] Pagination: 631.54ms
INFO 2025-08-02 16:27:19,542 tiers 16372 13416 [CRM LATENCY AUDIT] Serialization: 9.55ms
INFO 2025-08-02 16:27:19,543 tiers 16372 13416 [CRM LATENCY AUDIT] TOTAL LIST ENDPOINT: 647.07ms
INFO 2025-08-02 16:27:39,853 tiers 16372 1372 [CRM LATENCY AUDIT] Tiers list START
INFO 2025-08-02 16:27:39,856 tiers 16372 1372 [CRM LATENCY AUDIT] Tiers query: 3.00ms
INFO 2025-08-02 16:27:40,043 tiers 16372 26276 [CRM LATENCY AUDIT] Tiers list START
INFO 2025-08-02 16:27:40,047 tiers 16372 26276 [CRM LATENCY AUDIT] Tiers query: 2.98ms
INFO 2025-08-02 16:27:40,051 tiers 16372 14148 [CRM LATENCY AUDIT] Tiers list START
INFO 2025-08-02 16:27:40,055 tiers 16372 14148 [CRM LATENCY AUDIT] Tiers query: 3.00ms
INFO 2025-08-02 16:27:40,131 tiers 16372 18296 [CRM LATENCY AUDIT] Tiers list START
INFO 2025-08-02 16:27:40,136 tiers 16372 18296 [CRM LATENCY AUDIT] Tiers query: 4.02ms
INFO 2025-08-02 16:27:40,498 tiers 16372 1372 [CRM LATENCY AUDIT] Pagination: 642.09ms
INFO 2025-08-02 16:27:40,507 tiers 16372 1372 [CRM LATENCY AUDIT] Serialization: 8.56ms
INFO 2025-08-02 16:27:40,511 tiers 16372 1372 [CRM LATENCY AUDIT] TOTAL LIST ENDPOINT: 658.32ms
INFO 2025-08-02 16:27:40,604 tiers 16372 26276 [CRM LATENCY AUDIT] Pagination: 556.23ms
INFO 2025-08-02 16:27:40,614 tiers 16372 26276 [CRM LATENCY AUDIT] Serialization: 9.11ms
INFO 2025-08-02 16:27:40,618 tiers 16372 26276 [CRM LATENCY AUDIT] TOTAL LIST ENDPOINT: 575.41ms
INFO 2025-08-02 16:27:40,620 tiers 16372 14148 [CRM LATENCY AUDIT] Pagination: 564.85ms
INFO 2025-08-02 16:27:40,627 tiers 16372 14148 [CRM LATENCY AUDIT] Serialization: 4.58ms
INFO 2025-08-02 16:27:40,628 tiers 16372 14148 [CRM LATENCY AUDIT] TOTAL LIST ENDPOINT: 576.42ms
INFO 2025-08-02 16:27:40,830 tiers 16372 18296 [CRM LATENCY AUDIT] Pagination: 693.53ms
INFO 2025-08-02 16:27:40,837 tiers 16372 18296 [CRM LATENCY AUDIT] Serialization: 5.21ms
INFO 2025-08-02 16:27:40,838 tiers 16372 18296 [CRM LATENCY AUDIT] TOTAL LIST ENDPOINT: 706.27ms
INFO 2025-08-02 16:27:52,171 tiers 16372 9176 [CRM LATENCY AUDIT] Tiers list START
INFO 2025-08-02 16:27:52,211 tiers 16372 9176 [CRM LATENCY AUDIT] Tiers query: 6.31ms
INFO 2025-08-02 16:27:53,012 tiers 16372 9176 [CRM LATENCY AUDIT] Pagination: 784.77ms
INFO 2025-08-02 16:27:53,030 tiers 16372 9176 [CRM LATENCY AUDIT] Serialization: 14.66ms
INFO 2025-08-02 16:27:53,033 tiers 16372 9176 [CRM LATENCY AUDIT] TOTAL LIST ENDPOINT: 862.20ms
INFO 2025-08-02 16:27:59,562 tiers 16372 7132 [CRM LATENCY AUDIT] Tiers list START
INFO 2025-08-02 16:27:59,573 tiers 16372 7132 [CRM LATENCY AUDIT] Tiers query: 5.06ms
INFO 2025-08-02 16:28:00,211 tiers 16372 7132 [CRM LATENCY AUDIT] Pagination: 634.75ms
INFO 2025-08-02 16:28:00,219 tiers 16372 7132 [CRM LATENCY AUDIT] Serialization: 7.16ms
INFO 2025-08-02 16:28:00,221 tiers 16372 7132 [CRM LATENCY AUDIT] TOTAL LIST ENDPOINT: 659.60ms
INFO 2025-08-02 16:28:04,490 tiers 16372 21932 [CRM LATENCY AUDIT] Tiers list START
INFO 2025-08-02 16:28:04,510 tiers 16372 21932 [CRM LATENCY AUDIT] Tiers query: 5.55ms
INFO 2025-08-02 16:28:04,541 tiers 16372 14124 [CRM LATENCY AUDIT] Tiers list START
INFO 2025-08-02 16:28:04,570 tiers 16372 14124 [CRM LATENCY AUDIT] Tiers query: 6.57ms
INFO 2025-08-02 16:28:05,176 tiers 16372 21932 [CRM LATENCY AUDIT] Pagination: 645.40ms
INFO 2025-08-02 16:28:05,195 tiers 16372 21932 [CRM LATENCY AUDIT] Serialization: 14.47ms
INFO 2025-08-02 16:28:05,202 tiers 16372 21932 [CRM LATENCY AUDIT] TOTAL LIST ENDPOINT: 711.07ms
INFO 2025-08-02 16:28:05,219 tiers 16372 14124 [CRM LATENCY AUDIT] Pagination: 643.50ms
INFO 2025-08-02 16:28:05,230 tiers 16372 14124 [CRM LATENCY AUDIT] Serialization: 5.54ms
INFO 2025-08-02 16:28:05,233 tiers 16372 14124 [CRM LATENCY AUDIT] TOTAL LIST ENDPOINT: 691.93ms
INFO 2025-08-02 16:28:17,627 tiers 16372 1820 [CRM LATENCY AUDIT] Tiers list START
INFO 2025-08-02 16:28:17,638 tiers 16372 1820 [CRM LATENCY AUDIT] Tiers query: 4.72ms
INFO 2025-08-02 16:28:17,765 tiers 16372 1692 [CRM LATENCY AUDIT] Tiers list START
INFO 2025-08-02 16:28:17,783 tiers 16372 1692 [CRM LATENCY AUDIT] Tiers query: 6.22ms
INFO 2025-08-02 16:28:18,510 tiers 16372 1692 [CRM LATENCY AUDIT] Pagination: 720.01ms
INFO 2025-08-02 16:28:18,520 tiers 16372 1692 [CRM LATENCY AUDIT] Serialization: 8.52ms
INFO 2025-08-02 16:28:18,522 tiers 16372 1692 [CRM LATENCY AUDIT] TOTAL LIST ENDPOINT: 756.96ms
INFO 2025-08-02 16:28:18,743 tiers 16372 1820 [CRM LATENCY AUDIT] Pagination: 1097.29ms
INFO 2025-08-02 16:28:18,761 tiers 16372 1820 [CRM LATENCY AUDIT] Serialization: 15.72ms
INFO 2025-08-02 16:28:18,768 tiers 16372 1820 [CRM LATENCY AUDIT] TOTAL LIST ENDPOINT: 1139.79ms
INFO 2025-08-02 16:28:36,821 tiers 16372 20100 [CRM LATENCY AUDIT] Tiers list START
INFO 2025-08-02 16:28:36,828 tiers 16372 20100 [CRM LATENCY AUDIT] Tiers query: 6.12ms
INFO 2025-08-02 16:28:37,489 tiers 16372 20100 [CRM LATENCY AUDIT] Pagination: 659.63ms
INFO 2025-08-02 16:28:37,504 tiers 16372 20100 [CRM LATENCY AUDIT] Serialization: 12.59ms
INFO 2025-08-02 16:28:37,505 tiers 16372 20100 [CRM LATENCY AUDIT] TOTAL LIST ENDPOINT: 684.37ms
INFO 2025-08-02 16:28:40,837 tiers 16372 23968 [CRM LATENCY AUDIT] Tiers list START
INFO 2025-08-02 16:28:40,843 tiers 16372 23968 [CRM LATENCY AUDIT] Tiers query: 4.84ms
INFO 2025-08-02 16:28:41,410 tiers 16372 23968 [CRM LATENCY AUDIT] Pagination: 562.76ms
INFO 2025-08-02 16:28:41,416 tiers 16372 23968 [CRM LATENCY AUDIT] Serialization: 3.99ms
INFO 2025-08-02 16:28:41,417 tiers 16372 23968 [CRM LATENCY AUDIT] TOTAL LIST ENDPOINT: 579.98ms
INFO 2025-08-02 16:29:00,637 opportunities 16372 312 Cache invalidé pour tenant cf22f06c-4134-4bf0-9fbd-8a00c04a6c8f
